product_id	name	category_name	price	rating	attribute.fittext	attribute.colour	color_group	attribute.size	attribute.gender	attribute.style	attribute.itemtype	attribute.material	google_product_category	condition	shop_info	age_group	sku_code	department	fitname	fit	attribute.description
5010101	501® Original Fit Men's Jeans	Bottoms	89.5	4.3863	"Measurements are taken from a size 33 waist, Regular fit through the thigh, Sits at your waist; Front rise: 11.25"", Straight leg opening: 16"""	Onewash	Dark Wash	32x28	Men		Jeans	"100% Cotton, 5-pocket styling, Button Fly, Imported, Read our definitive guide to making jeans last longer <strong><a href=""https://www.levi.com/US/en_US/blog/article/the-definitive-guide-to-denim/"" target=""_blank"">here</a></strong>, Wash your jeans once every 10 wears at most; this increases their lifespan and saves natural resources, When you eventually launder your jeans, wash and dry them inside out with like colors; liquid detergent is recommended"		NEW			5.0101E+11		501®	Straight	"<UL> <LI> The original blue jean since 1873 </LI><LI> The original straight fit jean </LI><LI> All-American style </LI><LI> A blank canvas for self-expression </LI><LI> Made with our sustainable <strong><a href=""https://www.levi.com/US/en_US/blog/article/how-we-make-jeans-with-less-water/"" target=""_blank"">Water&lt;Less™ techniques</a></strong> </LI><LI> Also available in Men's Big & Tall sizes. Shop our <u><a href=""https://www.levi.com/US/en_US/big-tall/jeans/c/levi_clothing_men_big_tall_jeans/facets/feature-fit_name/501%c2%ae"">501® Original Fit Jeans in Big & Tall</a></u> </LI><LI> <a href=""https://www.levi.com/US/en_US/customize/levis-future-finish/c/levi_clothing_future_finish_customize_us/facets/feature-gender/men""target=""_blank"">Customize your 501® Original Fit Jeans <b>here</b></a> </LI> </UL>"
5010101	501® Original Fit Men's Jeans	Bottoms	89.5	4.3863	"Measurements are taken from a size 33 waist, Regular fit through the thigh, Sits at your waist; Front rise: 11.25"", Straight leg opening: 16"""	Onewash	Dark Wash	32x29	Men		Jeans	"100% Cotton, 5-pocket styling, Button Fly, Imported, Read our definitive guide to making jeans last longer <strong><a href=""https://www.levi.com/US/en_US/blog/article/the-definitive-guide-to-denim/"" target=""_blank"">here</a></strong>, Wash your jeans once every 10 wears at most; this increases their lifespan and saves natural resources, When you eventually launder your jeans, wash and dry them inside out with like colors; liquid detergent is recommended"		NEW			5.0101E+11		501®	Straight	"<UL> <LI> The original blue jean since 1873 </LI><LI> The original straight fit jean </LI><LI> All-American style </LI><LI> A blank canvas for self-expression </LI><LI> Made with our sustainable <strong><a href=""https://www.levi.com/US/en_US/blog/article/how-we-make-jeans-with-less-water/"" target=""_blank"">Water&lt;Less™ techniques</a></strong> </LI><LI> Also available in Men's Big & Tall sizes. Shop our <u><a href=""https://www.levi.com/US/en_US/big-tall/jeans/c/levi_clothing_men_big_tall_jeans/facets/feature-fit_name/501%c2%ae"">501® Original Fit Jeans in Big & Tall</a></u> </LI><LI> <a href=""https://www.levi.com/US/en_US/customize/levis-future-finish/c/levi_clothing_future_finish_customize_us/facets/feature-gender/men""target=""_blank"">Customize your 501® Original Fit Jeans <b>here</b></a> </LI> </UL>"
5010101	501® Original Fit Men's Jeans	Bottoms	89.5	4.3863	"Measurements are taken from a size 33 waist, Regular fit through the thigh, Sits at your waist; Front rise: 11.25"", Straight leg opening: 16"""	Onewash	Dark Wash	32x30	Men		Jeans	"100% Cotton, 5-pocket styling, Button Fly, Imported, Read our definitive guide to making jeans last longer <strong><a href=""https://www.levi.com/US/en_US/blog/article/the-definitive-guide-to-denim/"" target=""_blank"">here</a></strong>, Wash your jeans once every 10 wears at most; this increases their lifespan and saves natural resources, When you eventually launder your jeans, wash and dry them inside out with like colors; liquid detergent is recommended"		NEW			5.0101E+11		501®	Straight	"<UL> <LI> The original blue jean since 1873 </LI><LI> The original straight fit jean </LI><LI> All-American style </LI><LI> A blank canvas for self-expression </LI><LI> Made with our sustainable <strong><a href=""https://www.levi.com/US/en_US/blog/article/how-we-make-jeans-with-less-water/"" target=""_blank"">Water&lt;Less™ techniques</a></strong> </LI><LI> Also available in Men's Big & Tall sizes. Shop our <u><a href=""https://www.levi.com/US/en_US/big-tall/jeans/c/levi_clothing_men_big_tall_jeans/facets/feature-fit_name/501%c2%ae"">501® Original Fit Jeans in Big & Tall</a></u> </LI><LI> <a href=""https://www.levi.com/US/en_US/customize/levis-future-finish/c/levi_clothing_future_finish_customize_us/facets/feature-gender/men""target=""_blank"">Customize your 501® Original Fit Jeans <b>here</b></a> </LI> </UL>"
5010101	501® Original Fit Men's Jeans	Bottoms	89.5	4.3863	"Measurements are taken from a size 33 waist, Regular fit through the thigh, Sits at your waist; Front rise: 11.25"", Straight leg opening: 16"""	Onewash	Dark Wash	32x31	Men		Jeans	"100% Cotton, 5-pocket styling, Button Fly, Imported, Read our definitive guide to making jeans last longer <strong><a href=""https://www.levi.com/US/en_US/blog/article/the-definitive-guide-to-denim/"" target=""_blank"">here</a></strong>, Wash your jeans once every 10 wears at most; this increases their lifespan and saves natural resources, When you eventually launder your jeans, wash and dry them inside out with like colors; liquid detergent is recommended"		NEW			5.0101E+11		501®	Straight	"<UL> <LI> The original blue jean since 1873 </LI><LI> The original straight fit jean </LI><LI> All-American style </LI><LI> A blank canvas for self-expression </LI><LI> Made with our sustainable <strong><a href=""https://www.levi.com/US/en_US/blog/article/how-we-make-jeans-with-less-water/"" target=""_blank"">Water&lt;Less™ techniques</a></strong> </LI><LI> Also available in Men's Big & Tall sizes. Shop our <u><a href=""https://www.levi.com/US/en_US/big-tall/jeans/c/levi_clothing_men_big_tall_jeans/facets/feature-fit_name/501%c2%ae"">501® Original Fit Jeans in Big & Tall</a></u> </LI><LI> <a href=""https://www.levi.com/US/en_US/customize/levis-future-finish/c/levi_clothing_future_finish_customize_us/facets/feature-gender/men""target=""_blank"">Customize your 501® Original Fit Jeans <b>here</b></a> </LI> </UL>"
5010101	501® Original Fit Men's Jeans	Bottoms	89.5	4.3863	"Measurements are taken from a size 33 waist, Regular fit through the thigh, Sits at your waist; Front rise: 11.25"", Straight leg opening: 16"""	Onewash	Dark Wash	32x32	Men		Jeans	"100% Cotton, 5-pocket styling, Button Fly, Imported, Read our definitive guide to making jeans last longer <strong><a href=""https://www.levi.com/US/en_US/blog/article/the-definitive-guide-to-denim/"" target=""_blank"">here</a></strong>, Wash your jeans once every 10 wears at most; this increases their lifespan and saves natural resources, When you eventually launder your jeans, wash and dry them inside out with like colors; liquid detergent is recommended"		NEW			5.0101E+11		501®	Straight	"<UL> <LI> The original blue jean since 1873 </LI><LI> The original straight fit jean </LI><LI> All-American style </LI><LI> A blank canvas for self-expression </LI><LI> Made with our sustainable <strong><a href=""https://www.levi.com/US/en_US/blog/article/how-we-make-jeans-with-less-water/"" target=""_blank"">Water&lt;Less™ techniques</a></strong> </LI><LI> Also available in Men's Big & Tall sizes. Shop our <u><a href=""https://www.levi.com/US/en_US/big-tall/jeans/c/levi_clothing_men_big_tall_jeans/facets/feature-fit_name/501%c2%ae"">501® Original Fit Jeans in Big & Tall</a></u> </LI><LI> <a href=""https://www.levi.com/US/en_US/customize/levis-future-finish/c/levi_clothing_future_finish_customize_us/facets/feature-gender/men""target=""_blank"">Customize your 501® Original Fit Jeans <b>here</b></a> </LI> </UL>"
5010101	501® Original Fit Men's Jeans	Bottoms	89.5	4.3863	"Measurements are taken from a size 33 waist, Regular fit through the thigh, Sits at your waist; Front rise: 11.25"", Straight leg opening: 16"""	Onewash	Dark Wash	32x33	Men		Jeans	"100% Cotton, 5-pocket styling, Button Fly, Imported, Read our definitive guide to making jeans last longer <strong><a href=""https://www.levi.com/US/en_US/blog/article/the-definitive-guide-to-denim/"" target=""_blank"">here</a></strong>, Wash your jeans once every 10 wears at most; this increases their lifespan and saves natural resources, When you eventually launder your jeans, wash and dry them inside out with like colors; liquid detergent is recommended"		NEW			5.0101E+11		501®	Straight	"<UL> <LI> The original blue jean since 1873 </LI><LI> The original straight fit jean </LI><LI> All-American style </LI><LI> A blank canvas for self-expression </LI><LI> Made with our sustainable <strong><a href=""https://www.levi.com/US/en_US/blog/article/how-we-make-jeans-with-less-water/"" target=""_blank"">Water&lt;Less™ techniques</a></strong> </LI><LI> Also available in Men's Big & Tall sizes. Shop our <u><a href=""https://www.levi.com/US/en_US/big-tall/jeans/c/levi_clothing_men_big_tall_jeans/facets/feature-fit_name/501%c2%ae"">501® Original Fit Jeans in Big & Tall</a></u> </LI><LI> <a href=""https://www.levi.com/US/en_US/customize/levis-future-finish/c/levi_clothing_future_finish_customize_us/facets/feature-gender/men""target=""_blank"">Customize your 501® Original Fit Jeans <b>here</b></a> </LI> </UL>"
5010101	501® Original Fit Men's Jeans	Bottoms	89.5	4.3863	"Measurements are taken from a size 33 waist, Regular fit through the thigh, Sits at your waist; Front rise: 11.25"", Straight leg opening: 16"""	Onewash	Dark Wash	32x34	Men		Jeans	"100% Cotton, 5-pocket styling, Button Fly, Imported, Read our definitive guide to making jeans last longer <strong><a href=""https://www.levi.com/US/en_US/blog/article/the-definitive-guide-to-denim/"" target=""_blank"">here</a></strong>, Wash your jeans once every 10 wears at most; this increases their lifespan and saves natural resources, When you eventually launder your jeans, wash and dry them inside out with like colors; liquid detergent is recommended"		NEW			5.0101E+11		501®	Straight	"<UL> <LI> The original blue jean since 1873 </LI><LI> The original straight fit jean </LI><LI> All-American style </LI><LI> A blank canvas for self-expression </LI><LI> Made with our sustainable <strong><a href=""https://www.levi.com/US/en_US/blog/article/how-we-make-jeans-with-less-water/"" target=""_blank"">Water&lt;Less™ techniques</a></strong> </LI><LI> Also available in Men's Big & Tall sizes. Shop our <u><a href=""https://www.levi.com/US/en_US/big-tall/jeans/c/levi_clothing_men_big_tall_jeans/facets/feature-fit_name/501%c2%ae"">501® Original Fit Jeans in Big & Tall</a></u> </LI><LI> <a href=""https://www.levi.com/US/en_US/customize/levis-future-finish/c/levi_clothing_future_finish_customize_us/facets/feature-gender/men""target=""_blank"">Customize your 501® Original Fit Jeans <b>here</b></a> </LI> </UL>"
5010101	501® Original Fit Men's Jeans	Bottoms	89.5	4.3863	"Measurements are taken from a size 33 waist, Regular fit through the thigh, Sits at your waist; Front rise: 11.25"", Straight leg opening: 16"""	Onewash	Dark Wash	32x35	Men		Jeans	"100% Cotton, 5-pocket styling, Button Fly, Imported, Read our definitive guide to making jeans last longer <strong><a href=""https://www.levi.com/US/en_US/blog/article/the-definitive-guide-to-denim/"" target=""_blank"">here</a></strong>, Wash your jeans once every 10 wears at most; this increases their lifespan and saves natural resources, When you eventually launder your jeans, wash and dry them inside out with like colors; liquid detergent is recommended"		NEW			5.0101E+11		501®	Straight	"<UL> <LI> The original blue jean since 1873 </LI><LI> The original straight fit jean </LI><LI> All-American style </LI><LI> A blank canvas for self-expression </LI><LI> Made with our sustainable <strong><a href=""https://www.levi.com/US/en_US/blog/article/how-we-make-jeans-with-less-water/"" target=""_blank"">Water&lt;Less™ techniques</a></strong> </LI><LI> Also available in Men's Big & Tall sizes. Shop our <u><a href=""https://www.levi.com/US/en_US/big-tall/jeans/c/levi_clothing_men_big_tall_jeans/facets/feature-fit_name/501%c2%ae"">501® Original Fit Jeans in Big & Tall</a></u> </LI><LI> <a href=""https://www.levi.com/US/en_US/customize/levis-future-finish/c/levi_clothing_future_finish_customize_us/facets/feature-gender/men""target=""_blank"">Customize your 501® Original Fit Jeans <b>here</b></a> </LI> </UL>"
5010101	501® Original Fit Men's Jeans	Bottoms	89.5	4.3863	"Measurements are taken from a size 33 waist, Regular fit through the thigh, Sits at your waist; Front rise: 11.25"", Straight leg opening: 16"""	Onewash	Dark Wash	32x36	Men		Jeans	"100% Cotton, 5-pocket styling, Button Fly, Imported, Read our definitive guide to making jeans last longer <strong><a href=""https://www.levi.com/US/en_US/blog/article/the-definitive-guide-to-denim/"" target=""_blank"">here</a></strong>, Wash your jeans once every 10 wears at most; this increases their lifespan and saves natural resources, When you eventually launder your jeans, wash and dry them inside out with like colors; liquid detergent is recommended"		NEW			5.0101E+11		501®	Straight	"<UL> <LI> The original blue jean since 1873 </LI><LI> The original straight fit jean </LI><LI> All-American style </LI><LI> A blank canvas for self-expression </LI><LI> Made with our sustainable <strong><a href=""https://www.levi.com/US/en_US/blog/article/how-we-make-jeans-with-less-water/"" target=""_blank"">Water&lt;Less™ techniques</a></strong> </LI><LI> Also available in Men's Big & Tall sizes. Shop our <u><a href=""https://www.levi.com/US/en_US/big-tall/jeans/c/levi_clothing_men_big_tall_jeans/facets/feature-fit_name/501%c2%ae"">501® Original Fit Jeans in Big & Tall</a></u> </LI><LI> <a href=""https://www.levi.com/US/en_US/customize/levis-future-finish/c/levi_clothing_future_finish_customize_us/facets/feature-gender/men""target=""_blank"">Customize your 501® Original Fit Jeans <b>here</b></a> </LI> </UL>"
5010101	501® Original Fit Men's Jeans	Bottoms	89.5	4.3863	"Measurements are taken from a size 33 waist, Regular fit through the thigh, Sits at your waist; Front rise: 11.25"", Straight leg opening: 16"""	Onewash	Dark Wash	32x38	Men		Jeans	"100% Cotton, 5-pocket styling, Button Fly, Imported, Read our definitive guide to making jeans last longer <strong><a href=""https://www.levi.com/US/en_US/blog/article/the-definitive-guide-to-denim/"" target=""_blank"">here</a></strong>, Wash your jeans once every 10 wears at most; this increases their lifespan and saves natural resources, When you eventually launder your jeans, wash and dry them inside out with like colors; liquid detergent is recommended"		NEW			5.0101E+11		501®	Straight	"<UL> <LI> The original blue jean since 1873 </LI><LI> The original straight fit jean </LI><LI> All-American style </LI><LI> A blank canvas for self-expression </LI><LI> Made with our sustainable <strong><a href=""https://www.levi.com/US/en_US/blog/article/how-we-make-jeans-with-less-water/"" target=""_blank"">Water&lt;Less™ techniques</a></strong> </LI><LI> Also available in Men's Big & Tall sizes. Shop our <u><a href=""https://www.levi.com/US/en_US/big-tall/jeans/c/levi_clothing_men_big_tall_jeans/facets/feature-fit_name/501%c2%ae"">501® Original Fit Jeans in Big & Tall</a></u> </LI><LI> <a href=""https://www.levi.com/US/en_US/customize/levis-future-finish/c/levi_clothing_future_finish_customize_us/facets/feature-gender/men""target=""_blank"">Customize your 501® Original Fit Jeans <b>here</b></a> </LI> </UL>"
5010101	501® Original Fit Men's Jeans	Bottoms	89.5	4.3863	"Measurements are taken from a size 33 waist, Regular fit through the thigh, Sits at your waist; Front rise: 11.25"", Straight leg opening: 16"""	Onewash	Dark Wash	33x29	Men		Jeans	"100% Cotton, 5-pocket styling, Button Fly, Imported, Read our definitive guide to making jeans last longer <strong><a href=""https://www.levi.com/US/en_US/blog/article/the-definitive-guide-to-denim/"" target=""_blank"">here</a></strong>, Wash your jeans once every 10 wears at most; this increases their lifespan and saves natural resources, When you eventually launder your jeans, wash and dry them inside out with like colors; liquid detergent is recommended"		NEW			5.0101E+11		501®	Straight	"<UL> <LI> The original blue jean since 1873 </LI><LI> The original straight fit jean </LI><LI> All-American style </LI><LI> A blank canvas for self-expression </LI><LI> Made with our sustainable <strong><a href=""https://www.levi.com/US/en_US/blog/article/how-we-make-jeans-with-less-water/"" target=""_blank"">Water&lt;Less™ techniques</a></strong> </LI><LI> Also available in Men's Big & Tall sizes. Shop our <u><a href=""https://www.levi.com/US/en_US/big-tall/jeans/c/levi_clothing_men_big_tall_jeans/facets/feature-fit_name/501%c2%ae"">501® Original Fit Jeans in Big & Tall</a></u> </LI><LI> <a href=""https://www.levi.com/US/en_US/customize/levis-future-finish/c/levi_clothing_future_finish_customize_us/facets/feature-gender/men""target=""_blank"">Customize your 501® Original Fit Jeans <b>here</b></a> </LI> </UL>"
5010101	501® Original Fit Men's Jeans	Bottoms	89.5	4.3863	"Measurements are taken from a size 33 waist, Regular fit through the thigh, Sits at your waist; Front rise: 11.25"", Straight leg opening: 16"""	Onewash	Dark Wash	33x30	Men		Jeans	"100% Cotton, 5-pocket styling, Button Fly, Imported, Read our definitive guide to making jeans last longer <strong><a href=""https://www.levi.com/US/en_US/blog/article/the-definitive-guide-to-denim/"" target=""_blank"">here</a></strong>, Wash your jeans once every 10 wears at most; this increases their lifespan and saves natural resources, When you eventually launder your jeans, wash and dry them inside out with like colors; liquid detergent is recommended"		NEW			5.0101E+11		501®	Straight	"<UL> <LI> The original blue jean since 1873 </LI><LI> The original straight fit jean </LI><LI> All-American style </LI><LI> A blank canvas for self-expression </LI><LI> Made with our sustainable <strong><a href=""https://www.levi.com/US/en_US/blog/article/how-we-make-jeans-with-less-water/"" target=""_blank"">Water&lt;Less™ techniques</a></strong> </LI><LI> Also available in Men's Big & Tall sizes. Shop our <u><a href=""https://www.levi.com/US/en_US/big-tall/jeans/c/levi_clothing_men_big_tall_jeans/facets/feature-fit_name/501%c2%ae"">501® Original Fit Jeans in Big & Tall</a></u> </LI><LI> <a href=""https://www.levi.com/US/en_US/customize/levis-future-finish/c/levi_clothing_future_finish_customize_us/facets/feature-gender/men""target=""_blank"">Customize your 501® Original Fit Jeans <b>here</b></a> </LI> </UL>"
5010101	501® Original Fit Men's Jeans	Bottoms	89.5	4.3863	"Measurements are taken from a size 33 waist, Regular fit through the thigh, Sits at your waist; Front rise: 11.25"", Straight leg opening: 16"""	Onewash	Dark Wash	33x31	Men		Jeans	"100% Cotton, 5-pocket styling, Button Fly, Imported, Read our definitive guide to making jeans last longer <strong><a href=""https://www.levi.com/US/en_US/blog/article/the-definitive-guide-to-denim/"" target=""_blank"">here</a></strong>, Wash your jeans once every 10 wears at most; this increases their lifespan and saves natural resources, When you eventually launder your jeans, wash and dry them inside out with like colors; liquid detergent is recommended"		NEW			5.0101E+11		501®	Straight	"<UL> <LI> The original blue jean since 1873 </LI><LI> The original straight fit jean </LI><LI> All-American style </LI><LI> A blank canvas for self-expression </LI><LI> Made with our sustainable <strong><a href=""https://www.levi.com/US/en_US/blog/article/how-we-make-jeans-with-less-water/"" target=""_blank"">Water&lt;Less™ techniques</a></strong> </LI><LI> Also available in Men's Big & Tall sizes. Shop our <u><a href=""https://www.levi.com/US/en_US/big-tall/jeans/c/levi_clothing_men_big_tall_jeans/facets/feature-fit_name/501%c2%ae"">501® Original Fit Jeans in Big & Tall</a></u> </LI><LI> <a href=""https://www.levi.com/US/en_US/customize/levis-future-finish/c/levi_clothing_future_finish_customize_us/facets/feature-gender/men""target=""_blank"">Customize your 501® Original Fit Jeans <b>here</b></a> </LI> </UL>"
5010101	501® Original Fit Men's Jeans	Bottoms	89.5	4.3863	"Measurements are taken from a size 33 waist, Regular fit through the thigh, Sits at your waist; Front rise: 11.25"", Straight leg opening: 16"""	Onewash	Dark Wash	33x32	Men		Jeans	"100% Cotton, 5-pocket styling, Button Fly, Imported, Read our definitive guide to making jeans last longer <strong><a href=""https://www.levi.com/US/en_US/blog/article/the-definitive-guide-to-denim/"" target=""_blank"">here</a></strong>, Wash your jeans once every 10 wears at most; this increases their lifespan and saves natural resources, When you eventually launder your jeans, wash and dry them inside out with like colors; liquid detergent is recommended"		NEW			5.0101E+11		501®	Straight	"<UL> <LI> The original blue jean since 1873 </LI><LI> The original straight fit jean </LI><LI> All-American style </LI><LI> A blank canvas for self-expression </LI><LI> Made with our sustainable <strong><a href=""https://www.levi.com/US/en_US/blog/article/how-we-make-jeans-with-less-water/"" target=""_blank"">Water&lt;Less™ techniques</a></strong> </LI><LI> Also available in Men's Big & Tall sizes. Shop our <u><a href=""https://www.levi.com/US/en_US/big-tall/jeans/c/levi_clothing_men_big_tall_jeans/facets/feature-fit_name/501%c2%ae"">501® Original Fit Jeans in Big & Tall</a></u> </LI><LI> <a href=""https://www.levi.com/US/en_US/customize/levis-future-finish/c/levi_clothing_future_finish_customize_us/facets/feature-gender/men""target=""_blank"">Customize your 501® Original Fit Jeans <b>here</b></a> </LI> </UL>"
5010101	501® Original Fit Men's Jeans	Bottoms	89.5	4.3863	"Measurements are taken from a size 33 waist, Regular fit through the thigh, Sits at your waist; Front rise: 11.25"", Straight leg opening: 16"""	Onewash	Dark Wash	33x33	Men		Jeans	"100% Cotton, 5-pocket styling, Button Fly, Imported, Read our definitive guide to making jeans last longer <strong><a href=""https://www.levi.com/US/en_US/blog/article/the-definitive-guide-to-denim/"" target=""_blank"">here</a></strong>, Wash your jeans once every 10 wears at most; this increases their lifespan and saves natural resources, When you eventually launder your jeans, wash and dry them inside out with like colors; liquid detergent is recommended"		NEW			5.0101E+11		501®	Straight	"<UL> <LI> The original blue jean since 1873 </LI><LI> The original straight fit jean </LI><LI> All-American style </LI><LI> A blank canvas for self-expression </LI><LI> Made with our sustainable <strong><a href=""https://www.levi.com/US/en_US/blog/article/how-we-make-jeans-with-less-water/"" target=""_blank"">Water&lt;Less™ techniques</a></strong> </LI><LI> Also available in Men's Big & Tall sizes. Shop our <u><a href=""https://www.levi.com/US/en_US/big-tall/jeans/c/levi_clothing_men_big_tall_jeans/facets/feature-fit_name/501%c2%ae"">501® Original Fit Jeans in Big & Tall</a></u> </LI><LI> <a href=""https://www.levi.com/US/en_US/customize/levis-future-finish/c/levi_clothing_future_finish_customize_us/facets/feature-gender/men""target=""_blank"">Customize your 501® Original Fit Jeans <b>here</b></a> </LI> </UL>"
5010101	501® Original Fit Men's Jeans	Bottoms	89.5	4.3863	"Measurements are taken from a size 33 waist, Regular fit through the thigh, Sits at your waist; Front rise: 11.25"", Straight leg opening: 16"""	Onewash	Dark Wash	33x34	Men		Jeans	"100% Cotton, 5-pocket styling, Button Fly, Imported, Read our definitive guide to making jeans last longer <strong><a href=""https://www.levi.com/US/en_US/blog/article/the-definitive-guide-to-denim/"" target=""_blank"">here</a></strong>, Wash your jeans once every 10 wears at most; this increases their lifespan and saves natural resources, When you eventually launder your jeans, wash and dry them inside out with like colors; liquid detergent is recommended"		NEW			5.0101E+11		501®	Straight	"<UL> <LI> The original blue jean since 1873 </LI><LI> The original straight fit jean </LI><LI> All-American style </LI><LI> A blank canvas for self-expression </LI><LI> Made with our sustainable <strong><a href=""https://www.levi.com/US/en_US/blog/article/how-we-make-jeans-with-less-water/"" target=""_blank"">Water&lt;Less™ techniques</a></strong> </LI><LI> Also available in Men's Big & Tall sizes. Shop our <u><a href=""https://www.levi.com/US/en_US/big-tall/jeans/c/levi_clothing_men_big_tall_jeans/facets/feature-fit_name/501%c2%ae"">501® Original Fit Jeans in Big & Tall</a></u> </LI><LI> <a href=""https://www.levi.com/US/en_US/customize/levis-future-finish/c/levi_clothing_future_finish_customize_us/facets/feature-gender/men""target=""_blank"">Customize your 501® Original Fit Jeans <b>here</b></a> </LI> </UL>"
5010101	501® Original Fit Men's Jeans	Bottoms	89.5	4.3863	"Measurements are taken from a size 33 waist, Regular fit through the thigh, Sits at your waist; Front rise: 11.25"", Straight leg opening: 16"""	Onewash	Dark Wash	33x35	Men		Jeans	"100% Cotton, 5-pocket styling, Button Fly, Imported, Read our definitive guide to making jeans last longer <strong><a href=""https://www.levi.com/US/en_US/blog/article/the-definitive-guide-to-denim/"" target=""_blank"">here</a></strong>, Wash your jeans once every 10 wears at most; this increases their lifespan and saves natural resources, When you eventually launder your jeans, wash and dry them inside out with like colors; liquid detergent is recommended"		NEW			5.0101E+11		501®	Straight	"<UL> <LI> The original blue jean since 1873 </LI><LI> The original straight fit jean </LI><LI> All-American style </LI><LI> A blank canvas for self-expression </LI><LI> Made with our sustainable <strong><a href=""https://www.levi.com/US/en_US/blog/article/how-we-make-jeans-with-less-water/"" target=""_blank"">Water&lt;Less™ techniques</a></strong> </LI><LI> Also available in Men's Big & Tall sizes. Shop our <u><a href=""https://www.levi.com/US/en_US/big-tall/jeans/c/levi_clothing_men_big_tall_jeans/facets/feature-fit_name/501%c2%ae"">501® Original Fit Jeans in Big & Tall</a></u> </LI><LI> <a href=""https://www.levi.com/US/en_US/customize/levis-future-finish/c/levi_clothing_future_finish_customize_us/facets/feature-gender/men""target=""_blank"">Customize your 501® Original Fit Jeans <b>here</b></a> </LI> </UL>"
5010101	501® Original Fit Men's Jeans	Bottoms	89.5	4.3863	"Measurements are taken from a size 33 waist, Regular fit through the thigh, Sits at your waist; Front rise: 11.25"", Straight leg opening: 16"""	Onewash	Dark Wash	33x36	Men		Jeans	"100% Cotton, 5-pocket styling, Button Fly, Imported, Read our definitive guide to making jeans last longer <strong><a href=""https://www.levi.com/US/en_US/blog/article/the-definitive-guide-to-denim/"" target=""_blank"">here</a></strong>, Wash your jeans once every 10 wears at most; this increases their lifespan and saves natural resources, When you eventually launder your jeans, wash and dry them inside out with like colors; liquid detergent is recommended"		NEW			5.0101E+11		501®	Straight	"<UL> <LI> The original blue jean since 1873 </LI><LI> The original straight fit jean </LI><LI> All-American style </LI><LI> A blank canvas for self-expression </LI><LI> Made with our sustainable <strong><a href=""https://www.levi.com/US/en_US/blog/article/how-we-make-jeans-with-less-water/"" target=""_blank"">Water&lt;Less™ techniques</a></strong> </LI><LI> Also available in Men's Big & Tall sizes. Shop our <u><a href=""https://www.levi.com/US/en_US/big-tall/jeans/c/levi_clothing_men_big_tall_jeans/facets/feature-fit_name/501%c2%ae"">501® Original Fit Jeans in Big & Tall</a></u> </LI><LI> <a href=""https://www.levi.com/US/en_US/customize/levis-future-finish/c/levi_clothing_future_finish_customize_us/facets/feature-gender/men""target=""_blank"">Customize your 501® Original Fit Jeans <b>here</b></a> </LI> </UL>"
5010101	501® Original Fit Men's Jeans	Bottoms	89.5	4.3863	"Measurements are taken from a size 33 waist, Regular fit through the thigh, Sits at your waist; Front rise: 11.25"", Straight leg opening: 16"""	Onewash	Dark Wash	33x38	Men		Jeans	"100% Cotton, 5-pocket styling, Button Fly, Imported, Read our definitive guide to making jeans last longer <strong><a href=""https://www.levi.com/US/en_US/blog/article/the-definitive-guide-to-denim/"" target=""_blank"">here</a></strong>, Wash your jeans once every 10 wears at most; this increases their lifespan and saves natural resources, When you eventually launder your jeans, wash and dry them inside out with like colors; liquid detergent is recommended"		NEW			5.0101E+11		501®	Straight	"<UL> <LI> The original blue jean since 1873 </LI><LI> The original straight fit jean </LI><LI> All-American style </LI><LI> A blank canvas for self-expression </LI><LI> Made with our sustainable <strong><a href=""https://www.levi.com/US/en_US/blog/article/how-we-make-jeans-with-less-water/"" target=""_blank"">Water&lt;Less™ techniques</a></strong> </LI><LI> Also available in Men's Big & Tall sizes. Shop our <u><a href=""https://www.levi.com/US/en_US/big-tall/jeans/c/levi_clothing_men_big_tall_jeans/facets/feature-fit_name/501%c2%ae"">501® Original Fit Jeans in Big & Tall</a></u> </LI><LI> <a href=""https://www.levi.com/US/en_US/customize/levis-future-finish/c/levi_clothing_future_finish_customize_us/facets/feature-gender/men""target=""_blank"">Customize your 501® Original Fit Jeans <b>here</b></a> </LI> </UL>"
5010101	501® Original Fit Men's Jeans	Bottoms	89.5	4.3863	"Measurements are taken from a size 33 waist, Regular fit through the thigh, Sits at your waist; Front rise: 11.25"", Straight leg opening: 16"""	Onewash	Dark Wash	34x28	Men		Jeans	"100% Cotton, 5-pocket styling, Button Fly, Imported, Read our definitive guide to making jeans last longer <strong><a href=""https://www.levi.com/US/en_US/blog/article/the-definitive-guide-to-denim/"" target=""_blank"">here</a></strong>, Wash your jeans once every 10 wears at most; this increases their lifespan and saves natural resources, When you eventually launder your jeans, wash and dry them inside out with like colors; liquid detergent is recommended"		NEW			5.0101E+11		501®	Straight	"<UL> <LI> The original blue jean since 1873 </LI><LI> The original straight fit jean </LI><LI> All-American style </LI><LI> A blank canvas for self-expression </LI><LI> Made with our sustainable <strong><a href=""https://www.levi.com/US/en_US/blog/article/how-we-make-jeans-with-less-water/"" target=""_blank"">Water&lt;Less™ techniques</a></strong> </LI><LI> Also available in Men's Big & Tall sizes. Shop our <u><a href=""https://www.levi.com/US/en_US/big-tall/jeans/c/levi_clothing_men_big_tall_jeans/facets/feature-fit_name/501%c2%ae"">501® Original Fit Jeans in Big & Tall</a></u> </LI><LI> <a href=""https://www.levi.com/US/en_US/customize/levis-future-finish/c/levi_clothing_future_finish_customize_us/facets/feature-gender/men""target=""_blank"">Customize your 501® Original Fit Jeans <b>here</b></a> </LI> </UL>"
5010101	501® Original Fit Men's Jeans	Bottoms	89.5	4.3863	"Measurements are taken from a size 33 waist, Regular fit through the thigh, Sits at your waist; Front rise: 11.25"", Straight leg opening: 16"""	Onewash	Dark Wash	34x29	Men		Jeans	"100% Cotton, 5-pocket styling, Button Fly, Imported, Read our definitive guide to making jeans last longer <strong><a href=""https://www.levi.com/US/en_US/blog/article/the-definitive-guide-to-denim/"" target=""_blank"">here</a></strong>, Wash your jeans once every 10 wears at most; this increases their lifespan and saves natural resources, When you eventually launder your jeans, wash and dry them inside out with like colors; liquid detergent is recommended"		NEW			5.0101E+11		501®	Straight	"<UL> <LI> The original blue jean since 1873 </LI><LI> The original straight fit jean </LI><LI> All-American style </LI><LI> A blank canvas for self-expression </LI><LI> Made with our sustainable <strong><a href=""https://www.levi.com/US/en_US/blog/article/how-we-make-jeans-with-less-water/"" target=""_blank"">Water&lt;Less™ techniques</a></strong> </LI><LI> Also available in Men's Big & Tall sizes. Shop our <u><a href=""https://www.levi.com/US/en_US/big-tall/jeans/c/levi_clothing_men_big_tall_jeans/facets/feature-fit_name/501%c2%ae"">501® Original Fit Jeans in Big & Tall</a></u> </LI><LI> <a href=""https://www.levi.com/US/en_US/customize/levis-future-finish/c/levi_clothing_future_finish_customize_us/facets/feature-gender/men""target=""_blank"">Customize your 501® Original Fit Jeans <b>here</b></a> </LI> </UL>"
5010101	501® Original Fit Men's Jeans	Bottoms	89.5	4.3863	"Measurements are taken from a size 33 waist, Regular fit through the thigh, Sits at your waist; Front rise: 11.25"", Straight leg opening: 16"""	Onewash	Dark Wash	34x30	Men		Jeans	"100% Cotton, 5-pocket styling, Button Fly, Imported, Read our definitive guide to making jeans last longer <strong><a href=""https://www.levi.com/US/en_US/blog/article/the-definitive-guide-to-denim/"" target=""_blank"">here</a></strong>, Wash your jeans once every 10 wears at most; this increases their lifespan and saves natural resources, When you eventually launder your jeans, wash and dry them inside out with like colors; liquid detergent is recommended"		NEW			5.0101E+11		501®	Straight	"<UL> <LI> The original blue jean since 1873 </LI><LI> The original straight fit jean </LI><LI> All-American style </LI><LI> A blank canvas for self-expression </LI><LI> Made with our sustainable <strong><a href=""https://www.levi.com/US/en_US/blog/article/how-we-make-jeans-with-less-water/"" target=""_blank"">Water&lt;Less™ techniques</a></strong> </LI><LI> Also available in Men's Big & Tall sizes. Shop our <u><a href=""https://www.levi.com/US/en_US/big-tall/jeans/c/levi_clothing_men_big_tall_jeans/facets/feature-fit_name/501%c2%ae"">501® Original Fit Jeans in Big & Tall</a></u> </LI><LI> <a href=""https://www.levi.com/US/en_US/customize/levis-future-finish/c/levi_clothing_future_finish_customize_us/facets/feature-gender/men""target=""_blank"">Customize your 501® Original Fit Jeans <b>here</b></a> </LI> </UL>"
5010101	501® Original Fit Men's Jeans	Bottoms	89.5	4.3863	"Measurements are taken from a size 33 waist, Regular fit through the thigh, Sits at your waist; Front rise: 11.25"", Straight leg opening: 16"""	Onewash	Dark Wash	34x31	Men		Jeans	"100% Cotton, 5-pocket styling, Button Fly, Imported, Read our definitive guide to making jeans last longer <strong><a href=""https://www.levi.com/US/en_US/blog/article/the-definitive-guide-to-denim/"" target=""_blank"">here</a></strong>, Wash your jeans once every 10 wears at most; this increases their lifespan and saves natural resources, When you eventually launder your jeans, wash and dry them inside out with like colors; liquid detergent is recommended"		NEW			5.0101E+11		501®	Straight	"<UL> <LI> The original blue jean since 1873 </LI><LI> The original straight fit jean </LI><LI> All-American style </LI><LI> A blank canvas for self-expression </LI><LI> Made with our sustainable <strong><a href=""https://www.levi.com/US/en_US/blog/article/how-we-make-jeans-with-less-water/"" target=""_blank"">Water&lt;Less™ techniques</a></strong> </LI><LI> Also available in Men's Big & Tall sizes. Shop our <u><a href=""https://www.levi.com/US/en_US/big-tall/jeans/c/levi_clothing_men_big_tall_jeans/facets/feature-fit_name/501%c2%ae"">501® Original Fit Jeans in Big & Tall</a></u> </LI><LI> <a href=""https://www.levi.com/US/en_US/customize/levis-future-finish/c/levi_clothing_future_finish_customize_us/facets/feature-gender/men""target=""_blank"">Customize your 501® Original Fit Jeans <b>here</b></a> </LI> </UL>"
5010101	501® Original Fit Men's Jeans	Bottoms	89.5	4.3863	"Measurements are taken from a size 33 waist, Regular fit through the thigh, Sits at your waist; Front rise: 11.25"", Straight leg opening: 16"""	Onewash	Dark Wash	34x32	Men		Jeans	"100% Cotton, 5-pocket styling, Button Fly, Imported, Read our definitive guide to making jeans last longer <strong><a href=""https://www.levi.com/US/en_US/blog/article/the-definitive-guide-to-denim/"" target=""_blank"">here</a></strong>, Wash your jeans once every 10 wears at most; this increases their lifespan and saves natural resources, When you eventually launder your jeans, wash and dry them inside out with like colors; liquid detergent is recommended"		NEW			5.0101E+11		501®	Straight	"<UL> <LI> The original blue jean since 1873 </LI><LI> The original straight fit jean </LI><LI> All-American style </LI><LI> A blank canvas for self-expression </LI><LI> Made with our sustainable <strong><a href=""https://www.levi.com/US/en_US/blog/article/how-we-make-jeans-with-less-water/"" target=""_blank"">Water&lt;Less™ techniques</a></strong> </LI><LI> Also available in Men's Big & Tall sizes. Shop our <u><a href=""https://www.levi.com/US/en_US/big-tall/jeans/c/levi_clothing_men_big_tall_jeans/facets/feature-fit_name/501%c2%ae"">501® Original Fit Jeans in Big & Tall</a></u> </LI><LI> <a href=""https://www.levi.com/US/en_US/customize/levis-future-finish/c/levi_clothing_future_finish_customize_us/facets/feature-gender/men""target=""_blank"">Customize your 501® Original Fit Jeans <b>here</b></a> </LI> </UL>"
5010101	501® Original Fit Men's Jeans	Bottoms	89.5	4.3863	"Measurements are taken from a size 33 waist, Regular fit through the thigh, Sits at your waist; Front rise: 11.25"", Straight leg opening: 16"""	Onewash	Dark Wash	34x33	Men		Jeans	"100% Cotton, 5-pocket styling, Button Fly, Imported, Read our definitive guide to making jeans last longer <strong><a href=""https://www.levi.com/US/en_US/blog/article/the-definitive-guide-to-denim/"" target=""_blank"">here</a></strong>, Wash your jeans once every 10 wears at most; this increases their lifespan and saves natural resources, When you eventually launder your jeans, wash and dry them inside out with like colors; liquid detergent is recommended"		NEW			5.0101E+11		501®	Straight	"<UL> <LI> The original blue jean since 1873 </LI><LI> The original straight fit jean </LI><LI> All-American style </LI><LI> A blank canvas for self-expression </LI><LI> Made with our sustainable <strong><a href=""https://www.levi.com/US/en_US/blog/article/how-we-make-jeans-with-less-water/"" target=""_blank"">Water&lt;Less™ techniques</a></strong> </LI><LI> Also available in Men's Big & Tall sizes. Shop our <u><a href=""https://www.levi.com/US/en_US/big-tall/jeans/c/levi_clothing_men_big_tall_jeans/facets/feature-fit_name/501%c2%ae"">501® Original Fit Jeans in Big & Tall</a></u> </LI><LI> <a href=""https://www.levi.com/US/en_US/customize/levis-future-finish/c/levi_clothing_future_finish_customize_us/facets/feature-gender/men""target=""_blank"">Customize your 501® Original Fit Jeans <b>here</b></a> </LI> </UL>"
5010101	501® Original Fit Men's Jeans	Bottoms	89.5	4.3863	"Measurements are taken from a size 33 waist, Regular fit through the thigh, Sits at your waist; Front rise: 11.25"", Straight leg opening: 16"""	Onewash	Dark Wash	34x34	Men		Jeans	"100% Cotton, 5-pocket styling, Button Fly, Imported, Read our definitive guide to making jeans last longer <strong><a href=""https://www.levi.com/US/en_US/blog/article/the-definitive-guide-to-denim/"" target=""_blank"">here</a></strong>, Wash your jeans once every 10 wears at most; this increases their lifespan and saves natural resources, When you eventually launder your jeans, wash and dry them inside out with like colors; liquid detergent is recommended"		NEW			5.0101E+11		501®	Straight	"<UL> <LI> The original blue jean since 1873 </LI><LI> The original straight fit jean </LI><LI> All-American style </LI><LI> A blank canvas for self-expression </LI><LI> Made with our sustainable <strong><a href=""https://www.levi.com/US/en_US/blog/article/how-we-make-jeans-with-less-water/"" target=""_blank"">Water&lt;Less™ techniques</a></strong> </LI><LI> Also available in Men's Big & Tall sizes. Shop our <u><a href=""https://www.levi.com/US/en_US/big-tall/jeans/c/levi_clothing_men_big_tall_jeans/facets/feature-fit_name/501%c2%ae"">501® Original Fit Jeans in Big & Tall</a></u> </LI><LI> <a href=""https://www.levi.com/US/en_US/customize/levis-future-finish/c/levi_clothing_future_finish_customize_us/facets/feature-gender/men""target=""_blank"">Customize your 501® Original Fit Jeans <b>here</b></a> </LI> </UL>"
5010101	501® Original Fit Men's Jeans	Bottoms	89.5	4.3863	"Measurements are taken from a size 33 waist, Regular fit through the thigh, Sits at your waist; Front rise: 11.25"", Straight leg opening: 16"""	Onewash	Dark Wash	34x35	Men		Jeans	"100% Cotton, 5-pocket styling, Button Fly, Imported, Read our definitive guide to making jeans last longer <strong><a href=""https://www.levi.com/US/en_US/blog/article/the-definitive-guide-to-denim/"" target=""_blank"">here</a></strong>, Wash your jeans once every 10 wears at most; this increases their lifespan and saves natural resources, When you eventually launder your jeans, wash and dry them inside out with like colors; liquid detergent is recommended"		NEW			5.0101E+11		501®	Straight	"<UL> <LI> The original blue jean since 1873 </LI><LI> The original straight fit jean </LI><LI> All-American style </LI><LI> A blank canvas for self-expression </LI><LI> Made with our sustainable <strong><a href=""https://www.levi.com/US/en_US/blog/article/how-we-make-jeans-with-less-water/"" target=""_blank"">Water&lt;Less™ techniques</a></strong> </LI><LI> Also available in Men's Big & Tall sizes. Shop our <u><a href=""https://www.levi.com/US/en_US/big-tall/jeans/c/levi_clothing_men_big_tall_jeans/facets/feature-fit_name/501%c2%ae"">501® Original Fit Jeans in Big & Tall</a></u> </LI><LI> <a href=""https://www.levi.com/US/en_US/customize/levis-future-finish/c/levi_clothing_future_finish_customize_us/facets/feature-gender/men""target=""_blank"">Customize your 501® Original Fit Jeans <b>here</b></a> </LI> </UL>"
5010101	501® Original Fit Men's Jeans	Bottoms	89.5	4.3863	"Measurements are taken from a size 33 waist, Regular fit through the thigh, Sits at your waist; Front rise: 11.25"", Straight leg opening: 16"""	Onewash	Dark Wash	34x36	Men		Jeans	"100% Cotton, 5-pocket styling, Button Fly, Imported, Read our definitive guide to making jeans last longer <strong><a href=""https://www.levi.com/US/en_US/blog/article/the-definitive-guide-to-denim/"" target=""_blank"">here</a></strong>, Wash your jeans once every 10 wears at most; this increases their lifespan and saves natural resources, When you eventually launder your jeans, wash and dry them inside out with like colors; liquid detergent is recommended"		NEW			5.0101E+11		501®	Straight	"<UL> <LI> The original blue jean since 1873 </LI><LI> The original straight fit jean </LI><LI> All-American style </LI><LI> A blank canvas for self-expression </LI><LI> Made with our sustainable <strong><a href=""https://www.levi.com/US/en_US/blog/article/how-we-make-jeans-with-less-water/"" target=""_blank"">Water&lt;Less™ techniques</a></strong> </LI><LI> Also available in Men's Big & Tall sizes. Shop our <u><a href=""https://www.levi.com/US/en_US/big-tall/jeans/c/levi_clothing_men_big_tall_jeans/facets/feature-fit_name/501%c2%ae"">501® Original Fit Jeans in Big & Tall</a></u> </LI><LI> <a href=""https://www.levi.com/US/en_US/customize/levis-future-finish/c/levi_clothing_future_finish_customize_us/facets/feature-gender/men""target=""_blank"">Customize your 501® Original Fit Jeans <b>here</b></a> </LI> </UL>"
5010101	501® Original Fit Men's Jeans	Bottoms	89.5	4.3863	"Measurements are taken from a size 33 waist, Regular fit through the thigh, Sits at your waist; Front rise: 11.25"", Straight leg opening: 16"""	Onewash	Dark Wash	34x38	Men		Jeans	"100% Cotton, 5-pocket styling, Button Fly, Imported, Read our definitive guide to making jeans last longer <strong><a href=""https://www.levi.com/US/en_US/blog/article/the-definitive-guide-to-denim/"" target=""_blank"">here</a></strong>, Wash your jeans once every 10 wears at most; this increases their lifespan and saves natural resources, When you eventually launder your jeans, wash and dry them inside out with like colors; liquid detergent is recommended"		NEW			5.0101E+11		501®	Straight	"<UL> <LI> The original blue jean since 1873 </LI><LI> The original straight fit jean </LI><LI> All-American style </LI><LI> A blank canvas for self-expression </LI><LI> Made with our sustainable <strong><a href=""https://www.levi.com/US/en_US/blog/article/how-we-make-jeans-with-less-water/"" target=""_blank"">Water&lt;Less™ techniques</a></strong> </LI><LI> Also available in Men's Big & Tall sizes. Shop our <u><a href=""https://www.levi.com/US/en_US/big-tall/jeans/c/levi_clothing_men_big_tall_jeans/facets/feature-fit_name/501%c2%ae"">501® Original Fit Jeans in Big & Tall</a></u> </LI><LI> <a href=""https://www.levi.com/US/en_US/customize/levis-future-finish/c/levi_clothing_future_finish_customize_us/facets/feature-gender/men""target=""_blank"">Customize your 501® Original Fit Jeans <b>here</b></a> </LI> </UL>"
5010101	501® Original Fit Men's Jeans	Bottoms	89.5	4.3863	"Measurements are taken from a size 33 waist, Regular fit through the thigh, Sits at your waist; Front rise: 11.25"", Straight leg opening: 16"""	Onewash	Dark Wash	35x30	Men		Jeans	"100% Cotton, 5-pocket styling, Button Fly, Imported, Read our definitive guide to making jeans last longer <strong><a href=""https://www.levi.com/US/en_US/blog/article/the-definitive-guide-to-denim/"" target=""_blank"">here</a></strong>, Wash your jeans once every 10 wears at most; this increases their lifespan and saves natural resources, When you eventually launder your jeans, wash and dry them inside out with like colors; liquid detergent is recommended"		NEW			5.0101E+11		501®	Straight	"<UL> <LI> The original blue jean since 1873 </LI><LI> The original straight fit jean </LI><LI> All-American style </LI><LI> A blank canvas for self-expression </LI><LI> Made with our sustainable <strong><a href=""https://www.levi.com/US/en_US/blog/article/how-we-make-jeans-with-less-water/"" target=""_blank"">Water&lt;Less™ techniques</a></strong> </LI><LI> Also available in Men's Big & Tall sizes. Shop our <u><a href=""https://www.levi.com/US/en_US/big-tall/jeans/c/levi_clothing_men_big_tall_jeans/facets/feature-fit_name/501%c2%ae"">501® Original Fit Jeans in Big & Tall</a></u> </LI><LI> <a href=""https://www.levi.com/US/en_US/customize/levis-future-finish/c/levi_clothing_future_finish_customize_us/facets/feature-gender/men""target=""_blank"">Customize your 501® Original Fit Jeans <b>here</b></a> </LI> </UL>"
5010101	501® Original Fit Men's Jeans	Bottoms	89.5	4.3863	"Measurements are taken from a size 33 waist, Regular fit through the thigh, Sits at your waist; Front rise: 11.25"", Straight leg opening: 16"""	Onewash	Dark Wash	35x31	Men		Jeans	"100% Cotton, 5-pocket styling, Button Fly, Imported, Read our definitive guide to making jeans last longer <strong><a href=""https://www.levi.com/US/en_US/blog/article/the-definitive-guide-to-denim/"" target=""_blank"">here</a></strong>, Wash your jeans once every 10 wears at most; this increases their lifespan and saves natural resources, When you eventually launder your jeans, wash and dry them inside out with like colors; liquid detergent is recommended"		NEW			5.0101E+11		501®	Straight	"<UL> <LI> The original blue jean since 1873 </LI><LI> The original straight fit jean </LI><LI> All-American style </LI><LI> A blank canvas for self-expression </LI><LI> Made with our sustainable <strong><a href=""https://www.levi.com/US/en_US/blog/article/how-we-make-jeans-with-less-water/"" target=""_blank"">Water&lt;Less™ techniques</a></strong> </LI><LI> Also available in Men's Big & Tall sizes. Shop our <u><a href=""https://www.levi.com/US/en_US/big-tall/jeans/c/levi_clothing_men_big_tall_jeans/facets/feature-fit_name/501%c2%ae"">501® Original Fit Jeans in Big & Tall</a></u> </LI><LI> <a href=""https://www.levi.com/US/en_US/customize/levis-future-finish/c/levi_clothing_future_finish_customize_us/facets/feature-gender/men""target=""_blank"">Customize your 501® Original Fit Jeans <b>here</b></a> </LI> </UL>"
5010101	501® Original Fit Men's Jeans	Bottoms	89.5	4.3863	"Measurements are taken from a size 33 waist, Regular fit through the thigh, Sits at your waist; Front rise: 11.25"", Straight leg opening: 16"""	Onewash	Dark Wash	35x32	Men		Jeans	"100% Cotton, 5-pocket styling, Button Fly, Imported, Read our definitive guide to making jeans last longer <strong><a href=""https://www.levi.com/US/en_US/blog/article/the-definitive-guide-to-denim/"" target=""_blank"">here</a></strong>, Wash your jeans once every 10 wears at most; this increases their lifespan and saves natural resources, When you eventually launder your jeans, wash and dry them inside out with like colors; liquid detergent is recommended"		NEW			5.0101E+11		501®	Straight	"<UL> <LI> The original blue jean since 1873 </LI><LI> The original straight fit jean </LI><LI> All-American style </LI><LI> A blank canvas for self-expression </LI><LI> Made with our sustainable <strong><a href=""https://www.levi.com/US/en_US/blog/article/how-we-make-jeans-with-less-water/"" target=""_blank"">Water&lt;Less™ techniques</a></strong> </LI><LI> Also available in Men's Big & Tall sizes. Shop our <u><a href=""https://www.levi.com/US/en_US/big-tall/jeans/c/levi_clothing_men_big_tall_jeans/facets/feature-fit_name/501%c2%ae"">501® Original Fit Jeans in Big & Tall</a></u> </LI><LI> <a href=""https://www.levi.com/US/en_US/customize/levis-future-finish/c/levi_clothing_future_finish_customize_us/facets/feature-gender/men""target=""_blank"">Customize your 501® Original Fit Jeans <b>here</b></a> </LI> </UL>"
5010101	501® Original Fit Men's Jeans	Bottoms	89.5	4.3863	"Measurements are taken from a size 33 waist, Regular fit through the thigh, Sits at your waist; Front rise: 11.25"", Straight leg opening: 16"""	Onewash	Dark Wash	35x34	Men		Jeans	"100% Cotton, 5-pocket styling, Button Fly, Imported, Read our definitive guide to making jeans last longer <strong><a href=""https://www.levi.com/US/en_US/blog/article/the-definitive-guide-to-denim/"" target=""_blank"">here</a></strong>, Wash your jeans once every 10 wears at most; this increases their lifespan and saves natural resources, When you eventually launder your jeans, wash and dry them inside out with like colors; liquid detergent is recommended"		NEW			5.0101E+11		501®	Straight	"<UL> <LI> The original blue jean since 1873 </LI><LI> The original straight fit jean </LI><LI> All-American style </LI><LI> A blank canvas for self-expression </LI><LI> Made with our sustainable <strong><a href=""https://www.levi.com/US/en_US/blog/article/how-we-make-jeans-with-less-water/"" target=""_blank"">Water&lt;Less™ techniques</a></strong> </LI><LI> Also available in Men's Big & Tall sizes. Shop our <u><a href=""https://www.levi.com/US/en_US/big-tall/jeans/c/levi_clothing_men_big_tall_jeans/facets/feature-fit_name/501%c2%ae"">501® Original Fit Jeans in Big & Tall</a></u> </LI><LI> <a href=""https://www.levi.com/US/en_US/customize/levis-future-finish/c/levi_clothing_future_finish_customize_us/facets/feature-gender/men""target=""_blank"">Customize your 501® Original Fit Jeans <b>here</b></a> </LI> </UL>"
5010101	501® Original Fit Men's Jeans	Bottoms	89.5	4.3863	"Measurements are taken from a size 33 waist, Regular fit through the thigh, Sits at your waist; Front rise: 11.25"", Straight leg opening: 16"""	Onewash	Dark Wash	35x36	Men		Jeans	"100% Cotton, 5-pocket styling, Button Fly, Imported, Read our definitive guide to making jeans last longer <strong><a href=""https://www.levi.com/US/en_US/blog/article/the-definitive-guide-to-denim/"" target=""_blank"">here</a></strong>, Wash your jeans once every 10 wears at most; this increases their lifespan and saves natural resources, When you eventually launder your jeans, wash and dry them inside out with like colors; liquid detergent is recommended"		NEW			5.0101E+11		501®	Straight	"<UL> <LI> The original blue jean since 1873 </LI><LI> The original straight fit jean </LI><LI> All-American style </LI><LI> A blank canvas for self-expression </LI><LI> Made with our sustainable <strong><a href=""https://www.levi.com/US/en_US/blog/article/how-we-make-jeans-with-less-water/"" target=""_blank"">Water&lt;Less™ techniques</a></strong> </LI><LI> Also available in Men's Big & Tall sizes. Shop our <u><a href=""https://www.levi.com/US/en_US/big-tall/jeans/c/levi_clothing_men_big_tall_jeans/facets/feature-fit_name/501%c2%ae"">501® Original Fit Jeans in Big & Tall</a></u> </LI><LI> <a href=""https://www.levi.com/US/en_US/customize/levis-future-finish/c/levi_clothing_future_finish_customize_us/facets/feature-gender/men""target=""_blank"">Customize your 501® Original Fit Jeans <b>here</b></a> </LI> </UL>"
5010101	501® Original Fit Men's Jeans	Bottoms	89.5	4.3863	"Measurements are taken from a size 33 waist, Regular fit through the thigh, Sits at your waist; Front rise: 11.25"", Straight leg opening: 16"""	Onewash	Dark Wash	35x38	Men		Jeans	"100% Cotton, 5-pocket styling, Button Fly, Imported, Read our definitive guide to making jeans last longer <strong><a href=""https://www.levi.com/US/en_US/blog/article/the-definitive-guide-to-denim/"" target=""_blank"">here</a></strong>, Wash your jeans once every 10 wears at most; this increases their lifespan and saves natural resources, When you eventually launder your jeans, wash and dry them inside out with like colors; liquid detergent is recommended"		NEW			5.0101E+11		501®	Straight	"<UL> <LI> The original blue jean since 1873 </LI><LI> The original straight fit jean </LI><LI> All-American style </LI><LI> A blank canvas for self-expression </LI><LI> Made with our sustainable <strong><a href=""https://www.levi.com/US/en_US/blog/article/how-we-make-jeans-with-less-water/"" target=""_blank"">Water&lt;Less™ techniques</a></strong> </LI><LI> Also available in Men's Big & Tall sizes. Shop our <u><a href=""https://www.levi.com/US/en_US/big-tall/jeans/c/levi_clothing_men_big_tall_jeans/facets/feature-fit_name/501%c2%ae"">501® Original Fit Jeans in Big & Tall</a></u> </LI><LI> <a href=""https://www.levi.com/US/en_US/customize/levis-future-finish/c/levi_clothing_future_finish_customize_us/facets/feature-gender/men""target=""_blank"">Customize your 501® Original Fit Jeans <b>here</b></a> </LI> </UL>"
5010101	501® Original Fit Men's Jeans	Bottoms	89.5	4.3863	"Measurements are taken from a size 33 waist, Regular fit through the thigh, Sits at your waist; Front rise: 11.25"", Straight leg opening: 16"""	Onewash	Dark Wash	36x28	Men		Jeans	"100% Cotton, 5-pocket styling, Button Fly, Imported, Read our definitive guide to making jeans last longer <strong><a href=""https://www.levi.com/US/en_US/blog/article/the-definitive-guide-to-denim/"" target=""_blank"">here</a></strong>, Wash your jeans once every 10 wears at most; this increases their lifespan and saves natural resources, When you eventually launder your jeans, wash and dry them inside out with like colors; liquid detergent is recommended"		NEW			5.0101E+11		501®	Straight	"<UL> <LI> The original blue jean since 1873 </LI><LI> The original straight fit jean </LI><LI> All-American style </LI><LI> A blank canvas for self-expression </LI><LI> Made with our sustainable <strong><a href=""https://www.levi.com/US/en_US/blog/article/how-we-make-jeans-with-less-water/"" target=""_blank"">Water&lt;Less™ techniques</a></strong> </LI><LI> Also available in Men's Big & Tall sizes. Shop our <u><a href=""https://www.levi.com/US/en_US/big-tall/jeans/c/levi_clothing_men_big_tall_jeans/facets/feature-fit_name/501%c2%ae"">501® Original Fit Jeans in Big & Tall</a></u> </LI><LI> <a href=""https://www.levi.com/US/en_US/customize/levis-future-finish/c/levi_clothing_future_finish_customize_us/facets/feature-gender/men""target=""_blank"">Customize your 501® Original Fit Jeans <b>here</b></a> </LI> </UL>"
5010101	501® Original Fit Men's Jeans	Bottoms	89.5	4.3863	"Measurements are taken from a size 33 waist, Regular fit through the thigh, Sits at your waist; Front rise: 11.25"", Straight leg opening: 16"""	Onewash	Dark Wash	36x29	Men		Jeans	"100% Cotton, 5-pocket styling, Button Fly, Imported, Read our definitive guide to making jeans last longer <strong><a href=""https://www.levi.com/US/en_US/blog/article/the-definitive-guide-to-denim/"" target=""_blank"">here</a></strong>, Wash your jeans once every 10 wears at most; this increases their lifespan and saves natural resources, When you eventually launder your jeans, wash and dry them inside out with like colors; liquid detergent is recommended"		NEW			5.0101E+11		501®	Straight	"<UL> <LI> The original blue jean since 1873 </LI><LI> The original straight fit jean </LI><LI> All-American style </LI><LI> A blank canvas for self-expression </LI><LI> Made with our sustainable <strong><a href=""https://www.levi.com/US/en_US/blog/article/how-we-make-jeans-with-less-water/"" target=""_blank"">Water&lt;Less™ techniques</a></strong> </LI><LI> Also available in Men's Big & Tall sizes. Shop our <u><a href=""https://www.levi.com/US/en_US/big-tall/jeans/c/levi_clothing_men_big_tall_jeans/facets/feature-fit_name/501%c2%ae"">501® Original Fit Jeans in Big & Tall</a></u> </LI><LI> <a href=""https://www.levi.com/US/en_US/customize/levis-future-finish/c/levi_clothing_future_finish_customize_us/facets/feature-gender/men""target=""_blank"">Customize your 501® Original Fit Jeans <b>here</b></a> </LI> </UL>"
5010101	501® Original Fit Men's Jeans	Bottoms	89.5	4.3863	"Measurements are taken from a size 33 waist, Regular fit through the thigh, Sits at your waist; Front rise: 11.25"", Straight leg opening: 16"""	Onewash	Dark Wash	36x30	Men		Jeans	"100% Cotton, 5-pocket styling, Button Fly, Imported, Read our definitive guide to making jeans last longer <strong><a href=""https://www.levi.com/US/en_US/blog/article/the-definitive-guide-to-denim/"" target=""_blank"">here</a></strong>, Wash your jeans once every 10 wears at most; this increases their lifespan and saves natural resources, When you eventually launder your jeans, wash and dry them inside out with like colors; liquid detergent is recommended"		NEW			5.0101E+11		501®	Straight	"<UL> <LI> The original blue jean since 1873 </LI><LI> The original straight fit jean </LI><LI> All-American style </LI><LI> A blank canvas for self-expression </LI><LI> Made with our sustainable <strong><a href=""https://www.levi.com/US/en_US/blog/article/how-we-make-jeans-with-less-water/"" target=""_blank"">Water&lt;Less™ techniques</a></strong> </LI><LI> Also available in Men's Big & Tall sizes. Shop our <u><a href=""https://www.levi.com/US/en_US/big-tall/jeans/c/levi_clothing_men_big_tall_jeans/facets/feature-fit_name/501%c2%ae"">501® Original Fit Jeans in Big & Tall</a></u> </LI><LI> <a href=""https://www.levi.com/US/en_US/customize/levis-future-finish/c/levi_clothing_future_finish_customize_us/facets/feature-gender/men""target=""_blank"">Customize your 501® Original Fit Jeans <b>here</b></a> </LI> </UL>"
5010101	501® Original Fit Men's Jeans	Bottoms	89.5	4.3863	"Measurements are taken from a size 33 waist, Regular fit through the thigh, Sits at your waist; Front rise: 11.25"", Straight leg opening: 16"""	Onewash	Dark Wash	36x31	Men		Jeans	"100% Cotton, 5-pocket styling, Button Fly, Imported, Read our definitive guide to making jeans last longer <strong><a href=""https://www.levi.com/US/en_US/blog/article/the-definitive-guide-to-denim/"" target=""_blank"">here</a></strong>, Wash your jeans once every 10 wears at most; this increases their lifespan and saves natural resources, When you eventually launder your jeans, wash and dry them inside out with like colors; liquid detergent is recommended"		NEW			5.0101E+11		501®	Straight	"<UL> <LI> The original blue jean since 1873 </LI><LI> The original straight fit jean </LI><LI> All-American style </LI><LI> A blank canvas for self-expression </LI><LI> Made with our sustainable <strong><a href=""https://www.levi.com/US/en_US/blog/article/how-we-make-jeans-with-less-water/"" target=""_blank"">Water&lt;Less™ techniques</a></strong> </LI><LI> Also available in Men's Big & Tall sizes. Shop our <u><a href=""https://www.levi.com/US/en_US/big-tall/jeans/c/levi_clothing_men_big_tall_jeans/facets/feature-fit_name/501%c2%ae"">501® Original Fit Jeans in Big & Tall</a></u> </LI><LI> <a href=""https://www.levi.com/US/en_US/customize/levis-future-finish/c/levi_clothing_future_finish_customize_us/facets/feature-gender/men""target=""_blank"">Customize your 501® Original Fit Jeans <b>here</b></a> </LI> </UL>"
5010101	501® Original Fit Men's Jeans	Bottoms	89.5	4.3863	"Measurements are taken from a size 33 waist, Regular fit through the thigh, Sits at your waist; Front rise: 11.25"", Straight leg opening: 16"""	Onewash	Dark Wash	36x32	Men		Jeans	"100% Cotton, 5-pocket styling, Button Fly, Imported, Read our definitive guide to making jeans last longer <strong><a href=""https://www.levi.com/US/en_US/blog/article/the-definitive-guide-to-denim/"" target=""_blank"">here</a></strong>, Wash your jeans once every 10 wears at most; this increases their lifespan and saves natural resources, When you eventually launder your jeans, wash and dry them inside out with like colors; liquid detergent is recommended"		NEW			5.0101E+11		501®	Straight	"<UL> <LI> The original blue jean since 1873 </LI><LI> The original straight fit jean </LI><LI> All-American style </LI><LI> A blank canvas for self-expression </LI><LI> Made with our sustainable <strong><a href=""https://www.levi.com/US/en_US/blog/article/how-we-make-jeans-with-less-water/"" target=""_blank"">Water&lt;Less™ techniques</a></strong> </LI><LI> Also available in Men's Big & Tall sizes. Shop our <u><a href=""https://www.levi.com/US/en_US/big-tall/jeans/c/levi_clothing_men_big_tall_jeans/facets/feature-fit_name/501%c2%ae"">501® Original Fit Jeans in Big & Tall</a></u> </LI><LI> <a href=""https://www.levi.com/US/en_US/customize/levis-future-finish/c/levi_clothing_future_finish_customize_us/facets/feature-gender/men""target=""_blank"">Customize your 501® Original Fit Jeans <b>here</b></a> </LI> </UL>"
5010101	501® Original Fit Men's Jeans	Bottoms	89.5	4.3863	"Measurements are taken from a size 33 waist, Regular fit through the thigh, Sits at your waist; Front rise: 11.25"", Straight leg opening: 16"""	Onewash	Dark Wash	36x33	Men		Jeans	"100% Cotton, 5-pocket styling, Button Fly, Imported, Read our definitive guide to making jeans last longer <strong><a href=""https://www.levi.com/US/en_US/blog/article/the-definitive-guide-to-denim/"" target=""_blank"">here</a></strong>, Wash your jeans once every 10 wears at most; this increases their lifespan and saves natural resources, When you eventually launder your jeans, wash and dry them inside out with like colors; liquid detergent is recommended"		NEW			5.0101E+11		501®	Straight	"<UL> <LI> The original blue jean since 1873 </LI><LI> The original straight fit jean </LI><LI> All-American style </LI><LI> A blank canvas for self-expression </LI><LI> Made with our sustainable <strong><a href=""https://www.levi.com/US/en_US/blog/article/how-we-make-jeans-with-less-water/"" target=""_blank"">Water&lt;Less™ techniques</a></strong> </LI><LI> Also available in Men's Big & Tall sizes. Shop our <u><a href=""https://www.levi.com/US/en_US/big-tall/jeans/c/levi_clothing_men_big_tall_jeans/facets/feature-fit_name/501%c2%ae"">501® Original Fit Jeans in Big & Tall</a></u> </LI><LI> <a href=""https://www.levi.com/US/en_US/customize/levis-future-finish/c/levi_clothing_future_finish_customize_us/facets/feature-gender/men""target=""_blank"">Customize your 501® Original Fit Jeans <b>here</b></a> </LI> </UL>"
5010101	501® Original Fit Men's Jeans	Bottoms	89.5	4.3863	"Measurements are taken from a size 33 waist, Regular fit through the thigh, Sits at your waist; Front rise: 11.25"", Straight leg opening: 16"""	Onewash	Dark Wash	36x34	Men		Jeans	"100% Cotton, 5-pocket styling, Button Fly, Imported, Read our definitive guide to making jeans last longer <strong><a href=""https://www.levi.com/US/en_US/blog/article/the-definitive-guide-to-denim/"" target=""_blank"">here</a></strong>, Wash your jeans once every 10 wears at most; this increases their lifespan and saves natural resources, When you eventually launder your jeans, wash and dry them inside out with like colors; liquid detergent is recommended"		NEW			5.0101E+11		501®	Straight	"<UL> <LI> The original blue jean since 1873 </LI><LI> The original straight fit jean </LI><LI> All-American style </LI><LI> A blank canvas for self-expression </LI><LI> Made with our sustainable <strong><a href=""https://www.levi.com/US/en_US/blog/article/how-we-make-jeans-with-less-water/"" target=""_blank"">Water&lt;Less™ techniques</a></strong> </LI><LI> Also available in Men's Big & Tall sizes. Shop our <u><a href=""https://www.levi.com/US/en_US/big-tall/jeans/c/levi_clothing_men_big_tall_jeans/facets/feature-fit_name/501%c2%ae"">501® Original Fit Jeans in Big & Tall</a></u> </LI><LI> <a href=""https://www.levi.com/US/en_US/customize/levis-future-finish/c/levi_clothing_future_finish_customize_us/facets/feature-gender/men""target=""_blank"">Customize your 501® Original Fit Jeans <b>here</b></a> </LI> </UL>"
5010101	501® Original Fit Men's Jeans	Bottoms	89.5	4.3863	"Measurements are taken from a size 33 waist, Regular fit through the thigh, Sits at your waist; Front rise: 11.25"", Straight leg opening: 16"""	Onewash	Dark Wash	36x35	Men		Jeans	"100% Cotton, 5-pocket styling, Button Fly, Imported, Read our definitive guide to making jeans last longer <strong><a href=""https://www.levi.com/US/en_US/blog/article/the-definitive-guide-to-denim/"" target=""_blank"">here</a></strong>, Wash your jeans once every 10 wears at most; this increases their lifespan and saves natural resources, When you eventually launder your jeans, wash and dry them inside out with like colors; liquid detergent is recommended"		NEW			5.0101E+11		501®	Straight	"<UL> <LI> The original blue jean since 1873 </LI><LI> The original straight fit jean </LI><LI> All-American style </LI><LI> A blank canvas for self-expression </LI><LI> Made with our sustainable <strong><a href=""https://www.levi.com/US/en_US/blog/article/how-we-make-jeans-with-less-water/"" target=""_blank"">Water&lt;Less™ techniques</a></strong> </LI><LI> Also available in Men's Big & Tall sizes. Shop our <u><a href=""https://www.levi.com/US/en_US/big-tall/jeans/c/levi_clothing_men_big_tall_jeans/facets/feature-fit_name/501%c2%ae"">501® Original Fit Jeans in Big & Tall</a></u> </LI><LI> <a href=""https://www.levi.com/US/en_US/customize/levis-future-finish/c/levi_clothing_future_finish_customize_us/facets/feature-gender/men""target=""_blank"">Customize your 501® Original Fit Jeans <b>here</b></a> </LI> </UL>"
5010101	501® Original Fit Men's Jeans	Bottoms	89.5	4.3863	"Measurements are taken from a size 33 waist, Regular fit through the thigh, Sits at your waist; Front rise: 11.25"", Straight leg opening: 16"""	Onewash	Dark Wash	36x36	Men		Jeans	"100% Cotton, 5-pocket styling, Button Fly, Imported, Read our definitive guide to making jeans last longer <strong><a href=""https://www.levi.com/US/en_US/blog/article/the-definitive-guide-to-denim/"" target=""_blank"">here</a></strong>, Wash your jeans once every 10 wears at most; this increases their lifespan and saves natural resources, When you eventually launder your jeans, wash and dry them inside out with like colors; liquid detergent is recommended"		NEW			5.0101E+11		501®	Straight	"<UL> <LI> The original blue jean since 1873 </LI><LI> The original straight fit jean </LI><LI> All-American style </LI><LI> A blank canvas for self-expression </LI><LI> Made with our sustainable <strong><a href=""https://www.levi.com/US/en_US/blog/article/how-we-make-jeans-with-less-water/"" target=""_blank"">Water&lt;Less™ techniques</a></strong> </LI><LI> Also available in Men's Big & Tall sizes. Shop our <u><a href=""https://www.levi.com/US/en_US/big-tall/jeans/c/levi_clothing_men_big_tall_jeans/facets/feature-fit_name/501%c2%ae"">501® Original Fit Jeans in Big & Tall</a></u> </LI><LI> <a href=""https://www.levi.com/US/en_US/customize/levis-future-finish/c/levi_clothing_future_finish_customize_us/facets/feature-gender/men""target=""_blank"">Customize your 501® Original Fit Jeans <b>here</b></a> </LI> </UL>"
5010101	501® Original Fit Men's Jeans	Bottoms	89.5	4.3863	"Measurements are taken from a size 33 waist, Regular fit through the thigh, Sits at your waist; Front rise: 11.25"", Straight leg opening: 16"""	Onewash	Dark Wash	36x38	Men		Jeans	"100% Cotton, 5-pocket styling, Button Fly, Imported, Read our definitive guide to making jeans last longer <strong><a href=""https://www.levi.com/US/en_US/blog/article/the-definitive-guide-to-denim/"" target=""_blank"">here</a></strong>, Wash your jeans once every 10 wears at most; this increases their lifespan and saves natural resources, When you eventually launder your jeans, wash and dry them inside out with like colors; liquid detergent is recommended"		NEW			5.0101E+11		501®	Straight	"<UL> <LI> The original blue jean since 1873 </LI><LI> The original straight fit jean </LI><LI> All-American style </LI><LI> A blank canvas for self-expression </LI><LI> Made with our sustainable <strong><a href=""https://www.levi.com/US/en_US/blog/article/how-we-make-jeans-with-less-water/"" target=""_blank"">Water&lt;Less™ techniques</a></strong> </LI><LI> Also available in Men's Big & Tall sizes. Shop our <u><a href=""https://www.levi.com/US/en_US/big-tall/jeans/c/levi_clothing_men_big_tall_jeans/facets/feature-fit_name/501%c2%ae"">501® Original Fit Jeans in Big & Tall</a></u> </LI><LI> <a href=""https://www.levi.com/US/en_US/customize/levis-future-finish/c/levi_clothing_future_finish_customize_us/facets/feature-gender/men""target=""_blank"">Customize your 501® Original Fit Jeans <b>here</b></a> </LI> </UL>"
5010101	501® Original Fit Men's Jeans	Bottoms	89.5	4.3863	"Measurements are taken from a size 33 waist, Regular fit through the thigh, Sits at your waist; Front rise: 11.25"", Straight leg opening: 16"""	Onewash	Dark Wash	36x40	Men		Jeans	"100% Cotton, 5-pocket styling, Button Fly, Imported, Read our definitive guide to making jeans last longer <strong><a href=""https://www.levi.com/US/en_US/blog/article/the-definitive-guide-to-denim/"" target=""_blank"">here</a></strong>, Wash your jeans once every 10 wears at most; this increases their lifespan and saves natural resources, When you eventually launder your jeans, wash and dry them inside out with like colors; liquid detergent is recommended"		NEW			5.0101E+11		501®	Straight	"<UL> <LI> The original blue jean since 1873 </LI><LI> The original straight fit jean </LI><LI> All-American style </LI><LI> A blank canvas for self-expression </LI><LI> Made with our sustainable <strong><a href=""https://www.levi.com/US/en_US/blog/article/how-we-make-jeans-with-less-water/"" target=""_blank"">Water&lt;Less™ techniques</a></strong> </LI><LI> Also available in Men's Big & Tall sizes. Shop our <u><a href=""https://www.levi.com/US/en_US/big-tall/jeans/c/levi_clothing_men_big_tall_jeans/facets/feature-fit_name/501%c2%ae"">501® Original Fit Jeans in Big & Tall</a></u> </LI><LI> <a href=""https://www.levi.com/US/en_US/customize/levis-future-finish/c/levi_clothing_future_finish_customize_us/facets/feature-gender/men""target=""_blank"">Customize your 501® Original Fit Jeans <b>here</b></a> </LI> </UL>"
125010229	501® Original Fit Women's Jeans	Bottoms	34.98	4.1223	"Mid rise: Sits at waist, Relaxed through hip and thigh, Straight leg"	Lonesome Road	Medium Wash	22x32	Women		Jeans	"100% Cotton (Non-Stretch Denim), 5-pocket styling, Button fly, Imported"		NEW			1.2501E+13		501®	"Boyfriend, Straight"	"A cultural icon. Always original. The 501® Jean is the first blue jean ever and has been a canvas for self-expression since Levi's® invented it in 1873. True to the original, this jean features the iconic straight fit and signature button fly and is made to last. Wear it relaxed and borrowed-from-the-boys or downsized and fitted, depending on your style."
125010229	501® Original Fit Women's Jeans	Bottoms	34.98	4.1223	"Mid rise: Sits at waist, Relaxed through hip and thigh, Straight leg"	Lonesome Road	Medium Wash	23x32	Women		Jeans	"100% Cotton (Non-Stretch Denim), 5-pocket styling, Button fly, Imported"		NEW			1.2501E+13		501®	"Boyfriend, Straight"	"A cultural icon. Always original. The 501® Jean is the first blue jean ever and has been a canvas for self-expression since Levi's® invented it in 1873. True to the original, this jean features the iconic straight fit and signature button fly and is made to last. Wear it relaxed and borrowed-from-the-boys or downsized and fitted, depending on your style."
125010229	501® Original Fit Women's Jeans	Bottoms	34.98	4.1223	"Mid rise: Sits at waist, Relaxed through hip and thigh, Straight leg"	Lonesome Road	Medium Wash	24x32	Women		Jeans	"100% Cotton (Non-Stretch Denim), 5-pocket styling, Button fly, Imported"		NEW			1.2501E+13		501®	"Boyfriend, Straight"	"A cultural icon. Always original. The 501® Jean is the first blue jean ever and has been a canvas for self-expression since Levi's® invented it in 1873. True to the original, this jean features the iconic straight fit and signature button fly and is made to last. Wear it relaxed and borrowed-from-the-boys or downsized and fitted, depending on your style."
125010229	501® Original Fit Women's Jeans	Bottoms	34.98	4.1223	"Mid rise: Sits at waist, Relaxed through hip and thigh, Straight leg"	Lonesome Road	Medium Wash	25x32	Women		Jeans	"100% Cotton (Non-Stretch Denim), 5-pocket styling, Button fly, Imported"		NEW			1.2501E+13		501®	"Boyfriend, Straight"	"A cultural icon. Always original. The 501® Jean is the first blue jean ever and has been a canvas for self-expression since Levi's® invented it in 1873. True to the original, this jean features the iconic straight fit and signature button fly and is made to last. Wear it relaxed and borrowed-from-the-boys or downsized and fitted, depending on your style."
125010229	501® Original Fit Women's Jeans	Bottoms	34.98	4.1223	"Mid rise: Sits at waist, Relaxed through hip and thigh, Straight leg"	Lonesome Road	Medium Wash	26x32	Women		Jeans	"100% Cotton (Non-Stretch Denim), 5-pocket styling, Button fly, Imported"		NEW			1.2501E+13		501®	"Boyfriend, Straight"	"A cultural icon. Always original. The 501® Jean is the first blue jean ever and has been a canvas for self-expression since Levi's® invented it in 1873. True to the original, this jean features the iconic straight fit and signature button fly and is made to last. Wear it relaxed and borrowed-from-the-boys or downsized and fitted, depending on your style."
125010229	501® Original Fit Women's Jeans	Bottoms	34.98	4.1223	"Mid rise: Sits at waist, Relaxed through hip and thigh, Straight leg"	Lonesome Road	Medium Wash	27x32	Women		Jeans	"100% Cotton (Non-Stretch Denim), 5-pocket styling, Button fly, Imported"		NEW			1.2501E+13		501®	"Boyfriend, Straight"	"A cultural icon. Always original. The 501® Jean is the first blue jean ever and has been a canvas for self-expression since Levi's® invented it in 1873. True to the original, this jean features the iconic straight fit and signature button fly and is made to last. Wear it relaxed and borrowed-from-the-boys or downsized and fitted, depending on your style."
125010229	501® Original Fit Women's Jeans	Bottoms	34.98	4.1223	"Mid rise: Sits at waist, Relaxed through hip and thigh, Straight leg"	Lonesome Road	Medium Wash	28x32	Women		Jeans	"100% Cotton (Non-Stretch Denim), 5-pocket styling, Button fly, Imported"		NEW			1.2501E+13		501®	"Boyfriend, Straight"	"A cultural icon. Always original. The 501® Jean is the first blue jean ever and has been a canvas for self-expression since Levi's® invented it in 1873. True to the original, this jean features the iconic straight fit and signature button fly and is made to last. Wear it relaxed and borrowed-from-the-boys or downsized and fitted, depending on your style."
125010229	501® Original Fit Women's Jeans	Bottoms	34.98	4.1223	"Mid rise: Sits at waist, Relaxed through hip and thigh, Straight leg"	Lonesome Road	Medium Wash	29x32	Women		Jeans	"100% Cotton (Non-Stretch Denim), 5-pocket styling, Button fly, Imported"		NEW			1.2501E+13		501®	"Boyfriend, Straight"	"A cultural icon. Always original. The 501® Jean is the first blue jean ever and has been a canvas for self-expression since Levi's® invented it in 1873. True to the original, this jean features the iconic straight fit and signature button fly and is made to last. Wear it relaxed and borrowed-from-the-boys or downsized and fitted, depending on your style."
125010229	501® Original Fit Women's Jeans	Bottoms	34.98	4.1223	"Mid rise: Sits at waist, Relaxed through hip and thigh, Straight leg"	Lonesome Road	Medium Wash	30x32	Women		Jeans	"100% Cotton (Non-Stretch Denim), 5-pocket styling, Button fly, Imported"		NEW			1.2501E+13		501®	"Boyfriend, Straight"	"A cultural icon. Always original. The 501® Jean is the first blue jean ever and has been a canvas for self-expression since Levi's® invented it in 1873. True to the original, this jean features the iconic straight fit and signature button fly and is made to last. Wear it relaxed and borrowed-from-the-boys or downsized and fitted, depending on your style."
125010229	501® Original Fit Women's Jeans	Bottoms	34.98	4.1223	"Mid rise: Sits at waist, Relaxed through hip and thigh, Straight leg"	Lonesome Road	Medium Wash	31x32	Women		Jeans	"100% Cotton (Non-Stretch Denim), 5-pocket styling, Button fly, Imported"		NEW			1.2501E+13		501®	"Boyfriend, Straight"	"A cultural icon. Always original. The 501® Jean is the first blue jean ever and has been a canvas for self-expression since Levi's® invented it in 1873. True to the original, this jean features the iconic straight fit and signature button fly and is made to last. Wear it relaxed and borrowed-from-the-boys or downsized and fitted, depending on your style."
125010229	501® Original Fit Women's Jeans	Bottoms	34.98	4.1223	"Mid rise: Sits at waist, Relaxed through hip and thigh, Straight leg"	Lonesome Road	Medium Wash	32x32	Women		Jeans	"100% Cotton (Non-Stretch Denim), 5-pocket styling, Button fly, Imported"		NEW			1.2501E+13		501®	"Boyfriend, Straight"	"A cultural icon. Always original. The 501® Jean is the first blue jean ever and has been a canvas for self-expression since Levi's® invented it in 1873. True to the original, this jean features the iconic straight fit and signature button fly and is made to last. Wear it relaxed and borrowed-from-the-boys or downsized and fitted, depending on your style."
527970022	720 High Rise Super Skinny Women's Jeans	Jeans	69.5	3.8636	"Front rise is 10.25"", High rise, Leg opening is 9.25"", Measurements are taken from a size 27 waist, Model is 5'9.5"" and is wearing a size 27 waist, Slim through the hip and thigh, Super skinny leg"	Black Squared	Black	23x28	Women		Jeans	"5-pocket styling, 65% Cotton, 33% Polyester, 2% Elastane, Extreme stretch Lightweight Denim, Imported, Zip fly"	Apparel & Accessories > Clothing > Pants	NEW	"Levi's® first designed jeans for women in 1938, and they have been getting better ever since. Browse the complete collection of women's jeans at Levi's®."	adult	5.2797E+13	Jeans	720	"Skinny, Super Skinny"	"<UL> <LI> Designed to flatter, hold and lift </LI><LI> A high-rise jean that delivers chic style and all-day comfort </LI><LI> Levi's® Sculpt with Hyperstretch is an advanced blend of Lycra® and cotton fibers for extreme stretch </LI> </UL>"
527970022	720 High Rise Super Skinny Women's Jeans	Jeans	69.5	3.8636	"Front rise is 10.25"", High rise, Leg opening is 9.25"", Measurements are taken from a size 27 waist, Model is 5'9.5"" and is wearing a size 27 waist, Slim through the hip and thigh, Super skinny leg"	Black Squared	Black	23x30	Women		Jeans	"5-pocket styling, 65% Cotton, 33% Polyester, 2% Elastane, Extreme stretch Lightweight Denim, Imported, Zip fly"	Apparel & Accessories > Clothing > Pants	NEW	"Levi's® first designed jeans for women in 1938, and they have been getting better ever since. Browse the complete collection of women's jeans at Levi's®."	adult	5.2797E+13	Jeans	720	"Skinny, Super Skinny"	"<UL> <LI> Designed to flatter, hold and lift </LI><LI> A high-rise jean that delivers chic style and all-day comfort </LI><LI> Levi's® Sculpt with Hyperstretch is an advanced blend of Lycra® and cotton fibers for extreme stretch </LI> </UL>"
527970022	720 High Rise Super Skinny Women's Jeans	Jeans	69.5	3.8636	"Front rise is 10.25"", High rise, Leg opening is 9.25"", Measurements are taken from a size 27 waist, Model is 5'9.5"" and is wearing a size 27 waist, Slim through the hip and thigh, Super skinny leg"	Black Squared	Black	23x32	Women		Jeans	"5-pocket styling, 65% Cotton, 33% Polyester, 2% Elastane, Extreme stretch Lightweight Denim, Imported, Zip fly"	Apparel & Accessories > Clothing > Pants	NEW	"Levi's® first designed jeans for women in 1938, and they have been getting better ever since. Browse the complete collection of women's jeans at Levi's®."	adult	5.2797E+13	Jeans	720	"Skinny, Super Skinny"	"<UL> <LI> Designed to flatter, hold and lift </LI><LI> A high-rise jean that delivers chic style and all-day comfort </LI><LI> Levi's® Sculpt with Hyperstretch is an advanced blend of Lycra® and cotton fibers for extreme stretch </LI> </UL>"
527970022	720 High Rise Super Skinny Women's Jeans	Jeans	69.5	3.8636	"Front rise is 10.25"", High rise, Leg opening is 9.25"", Measurements are taken from a size 27 waist, Model is 5'9.5"" and is wearing a size 27 waist, Slim through the hip and thigh, Super skinny leg"	Black Squared	Black	24x28	Women		Jeans	"5-pocket styling, 65% Cotton, 33% Polyester, 2% Elastane, Extreme stretch Lightweight Denim, Imported, Zip fly"	Apparel & Accessories > Clothing > Pants	NEW	"Levi's® first designed jeans for women in 1938, and they have been getting better ever since. Browse the complete collection of women's jeans at Levi's®."	adult	5.2797E+13	Jeans	720	"Skinny, Super Skinny"	"<UL> <LI> Designed to flatter, hold and lift </LI><LI> A high-rise jean that delivers chic style and all-day comfort </LI><LI> Levi's® Sculpt with Hyperstretch is an advanced blend of Lycra® and cotton fibers for extreme stretch </LI> </UL>"
527970022	720 High Rise Super Skinny Women's Jeans	Jeans	69.5	3.8636	"Front rise is 10.25"", High rise, Leg opening is 9.25"", Measurements are taken from a size 27 waist, Model is 5'9.5"" and is wearing a size 27 waist, Slim through the hip and thigh, Super skinny leg"	Black Squared	Black	24x30	Women		Jeans	"5-pocket styling, 65% Cotton, 33% Polyester, 2% Elastane, Extreme stretch Lightweight Denim, Imported, Zip fly"	Apparel & Accessories > Clothing > Pants	NEW	"Levi's® first designed jeans for women in 1938, and they have been getting better ever since. Browse the complete collection of women's jeans at Levi's®."	adult	5.2797E+13	Jeans	720	"Skinny, Super Skinny"	"<UL> <LI> Designed to flatter, hold and lift </LI><LI> A high-rise jean that delivers chic style and all-day comfort </LI><LI> Levi's® Sculpt with Hyperstretch is an advanced blend of Lycra® and cotton fibers for extreme stretch </LI> </UL>"
527970022	720 High Rise Super Skinny Women's Jeans	Jeans	69.5	3.8636	"Front rise is 10.25"", High rise, Leg opening is 9.25"", Measurements are taken from a size 27 waist, Model is 5'9.5"" and is wearing a size 27 waist, Slim through the hip and thigh, Super skinny leg"	Black Squared	Black	24x32	Women		Jeans	"5-pocket styling, 65% Cotton, 33% Polyester, 2% Elastane, Extreme stretch Lightweight Denim, Imported, Zip fly"	Apparel & Accessories > Clothing > Pants	NEW	"Levi's® first designed jeans for women in 1938, and they have been getting better ever since. Browse the complete collection of women's jeans at Levi's®."	adult	5.2797E+13	Jeans	720	"Skinny, Super Skinny"	"<UL> <LI> Designed to flatter, hold and lift </LI><LI> A high-rise jean that delivers chic style and all-day comfort </LI><LI> Levi's® Sculpt with Hyperstretch is an advanced blend of Lycra® and cotton fibers for extreme stretch </LI> </UL>"
527970022	720 High Rise Super Skinny Women's Jeans	Jeans	69.5	3.8636	"Front rise is 10.25"", High rise, Leg opening is 9.25"", Measurements are taken from a size 27 waist, Model is 5'9.5"" and is wearing a size 27 waist, Slim through the hip and thigh, Super skinny leg"	Black Squared	Black	25x28	Women		Jeans	"5-pocket styling, 65% Cotton, 33% Polyester, 2% Elastane, Extreme stretch Lightweight Denim, Imported, Zip fly"	Apparel & Accessories > Clothing > Pants	NEW	"Levi's® first designed jeans for women in 1938, and they have been getting better ever since. Browse the complete collection of women's jeans at Levi's®."	adult	5.2797E+13	Jeans	720	"Skinny, Super Skinny"	"<UL> <LI> Designed to flatter, hold and lift </LI><LI> A high-rise jean that delivers chic style and all-day comfort </LI><LI> Levi's® Sculpt with Hyperstretch is an advanced blend of Lycra® and cotton fibers for extreme stretch </LI> </UL>"
527970022	720 High Rise Super Skinny Women's Jeans	Jeans	69.5	3.8636	"Front rise is 10.25"", High rise, Leg opening is 9.25"", Measurements are taken from a size 27 waist, Model is 5'9.5"" and is wearing a size 27 waist, Slim through the hip and thigh, Super skinny leg"	Black Squared	Black	25x30	Women		Jeans	"5-pocket styling, 65% Cotton, 33% Polyester, 2% Elastane, Extreme stretch Lightweight Denim, Imported, Zip fly"	Apparel & Accessories > Clothing > Pants	NEW	"Levi's® first designed jeans for women in 1938, and they have been getting better ever since. Browse the complete collection of women's jeans at Levi's®."	adult	5.2797E+13	Jeans	720	"Skinny, Super Skinny"	"<UL> <LI> Designed to flatter, hold and lift </LI><LI> A high-rise jean that delivers chic style and all-day comfort </LI><LI> Levi's® Sculpt with Hyperstretch is an advanced blend of Lycra® and cotton fibers for extreme stretch </LI> </UL>"
527970022	720 High Rise Super Skinny Women's Jeans	Jeans	69.5	3.8636	"Front rise is 10.25"", High rise, Leg opening is 9.25"", Measurements are taken from a size 27 waist, Model is 5'9.5"" and is wearing a size 27 waist, Slim through the hip and thigh, Super skinny leg"	Black Squared	Black	25x32	Women		Jeans	"5-pocket styling, 65% Cotton, 33% Polyester, 2% Elastane, Extreme stretch Lightweight Denim, Imported, Zip fly"	Apparel & Accessories > Clothing > Pants	NEW	"Levi's® first designed jeans for women in 1938, and they have been getting better ever since. Browse the complete collection of women's jeans at Levi's®."	adult	5.2797E+13	Jeans	720	"Skinny, Super Skinny"	"<UL> <LI> Designed to flatter, hold and lift </LI><LI> A high-rise jean that delivers chic style and all-day comfort </LI><LI> Levi's® Sculpt with Hyperstretch is an advanced blend of Lycra® and cotton fibers for extreme stretch </LI> </UL>"
527970022	720 High Rise Super Skinny Women's Jeans	Jeans	69.5	3.8636	"Front rise is 10.25"", High rise, Leg opening is 9.25"", Measurements are taken from a size 27 waist, Model is 5'9.5"" and is wearing a size 27 waist, Slim through the hip and thigh, Super skinny leg"	Black Squared	Black	26x28	Women		Jeans	"5-pocket styling, 65% Cotton, 33% Polyester, 2% Elastane, Extreme stretch Lightweight Denim, Imported, Zip fly"	Apparel & Accessories > Clothing > Pants	NEW	"Levi's® first designed jeans for women in 1938, and they have been getting better ever since. Browse the complete collection of women's jeans at Levi's®."	adult	5.2797E+13	Jeans	720	"Skinny, Super Skinny"	"<UL> <LI> Designed to flatter, hold and lift </LI><LI> A high-rise jean that delivers chic style and all-day comfort </LI><LI> Levi's® Sculpt with Hyperstretch is an advanced blend of Lycra® and cotton fibers for extreme stretch </LI> </UL>"
527970022	720 High Rise Super Skinny Women's Jeans	Jeans	69.5	3.8636	"Front rise is 10.25"", High rise, Leg opening is 9.25"", Measurements are taken from a size 27 waist, Model is 5'9.5"" and is wearing a size 27 waist, Slim through the hip and thigh, Super skinny leg"	Black Squared	Black	26x30	Women		Jeans	"5-pocket styling, 65% Cotton, 33% Polyester, 2% Elastane, Extreme stretch Lightweight Denim, Imported, Zip fly"	Apparel & Accessories > Clothing > Pants	NEW	"Levi's® first designed jeans for women in 1938, and they have been getting better ever since. Browse the complete collection of women's jeans at Levi's®."	adult	5.2797E+13	Jeans	720	"Skinny, Super Skinny"	"<UL> <LI> Designed to flatter, hold and lift </LI><LI> A high-rise jean that delivers chic style and all-day comfort </LI><LI> Levi's® Sculpt with Hyperstretch is an advanced blend of Lycra® and cotton fibers for extreme stretch </LI> </UL>"
527970022	720 High Rise Super Skinny Women's Jeans	Jeans	69.5	3.8636	"Front rise is 10.25"", High rise, Leg opening is 9.25"", Measurements are taken from a size 27 waist, Model is 5'9.5"" and is wearing a size 27 waist, Slim through the hip and thigh, Super skinny leg"	Black Squared	Black	26x32	Women		Jeans	"5-pocket styling, 65% Cotton, 33% Polyester, 2% Elastane, Extreme stretch Lightweight Denim, Imported, Zip fly"	Apparel & Accessories > Clothing > Pants	NEW	"Levi's® first designed jeans for women in 1938, and they have been getting better ever since. Browse the complete collection of women's jeans at Levi's®."	adult	5.2797E+13	Jeans	720	"Skinny, Super Skinny"	"<UL> <LI> Designed to flatter, hold and lift </LI><LI> A high-rise jean that delivers chic style and all-day comfort </LI><LI> Levi's® Sculpt with Hyperstretch is an advanced blend of Lycra® and cotton fibers for extreme stretch </LI> </UL>"
527970022	720 High Rise Super Skinny Women's Jeans	Jeans	69.5	3.8636	"Front rise is 10.25"", High rise, Leg opening is 9.25"", Measurements are taken from a size 27 waist, Model is 5'9.5"" and is wearing a size 27 waist, Slim through the hip and thigh, Super skinny leg"	Black Squared	Black	26x34	Women		Jeans	"5-pocket styling, 65% Cotton, 33% Polyester, 2% Elastane, Extreme stretch Lightweight Denim, Imported, Zip fly"	Apparel & Accessories > Clothing > Pants	NEW	"Levi's® first designed jeans for women in 1938, and they have been getting better ever since. Browse the complete collection of women's jeans at Levi's®."	adult	5.2797E+13	Jeans	720	"Skinny, Super Skinny"	"<UL> <LI> Designed to flatter, hold and lift </LI><LI> A high-rise jean that delivers chic style and all-day comfort </LI><LI> Levi's® Sculpt with Hyperstretch is an advanced blend of Lycra® and cotton fibers for extreme stretch </LI> </UL>"
527970022	720 High Rise Super Skinny Women's Jeans	Jeans	69.5	3.8636	"Front rise is 10.25"", High rise, Leg opening is 9.25"", Measurements are taken from a size 27 waist, Model is 5'9.5"" and is wearing a size 27 waist, Slim through the hip and thigh, Super skinny leg"	Black Squared	Black	27x28	Women		Jeans	"5-pocket styling, 65% Cotton, 33% Polyester, 2% Elastane, Extreme stretch Lightweight Denim, Imported, Zip fly"	Apparel & Accessories > Clothing > Pants	NEW	"Levi's® first designed jeans for women in 1938, and they have been getting better ever since. Browse the complete collection of women's jeans at Levi's®."	adult	5.2797E+13	Jeans	720	"Skinny, Super Skinny"	"<UL> <LI> Designed to flatter, hold and lift </LI><LI> A high-rise jean that delivers chic style and all-day comfort </LI><LI> Levi's® Sculpt with Hyperstretch is an advanced blend of Lycra® and cotton fibers for extreme stretch </LI> </UL>"
527970022	720 High Rise Super Skinny Women's Jeans	Jeans	69.5	3.8636	"Front rise is 10.25"", High rise, Leg opening is 9.25"", Measurements are taken from a size 27 waist, Model is 5'9.5"" and is wearing a size 27 waist, Slim through the hip and thigh, Super skinny leg"	Black Squared	Black	27x30	Women		Jeans	"5-pocket styling, 65% Cotton, 33% Polyester, 2% Elastane, Extreme stretch Lightweight Denim, Imported, Zip fly"	Apparel & Accessories > Clothing > Pants	NEW	"Levi's® first designed jeans for women in 1938, and they have been getting better ever since. Browse the complete collection of women's jeans at Levi's®."	adult	5.2797E+13	Jeans	720	"Skinny, Super Skinny"	"<UL> <LI> Designed to flatter, hold and lift </LI><LI> A high-rise jean that delivers chic style and all-day comfort </LI><LI> Levi's® Sculpt with Hyperstretch is an advanced blend of Lycra® and cotton fibers for extreme stretch </LI> </UL>"
527970022	720 High Rise Super Skinny Women's Jeans	Jeans	69.5	3.8636	"Front rise is 10.25"", High rise, Leg opening is 9.25"", Measurements are taken from a size 27 waist, Model is 5'9.5"" and is wearing a size 27 waist, Slim through the hip and thigh, Super skinny leg"	Black Squared	Black	27x32	Women		Jeans	"5-pocket styling, 65% Cotton, 33% Polyester, 2% Elastane, Extreme stretch Lightweight Denim, Imported, Zip fly"	Apparel & Accessories > Clothing > Pants	NEW	"Levi's® first designed jeans for women in 1938, and they have been getting better ever since. Browse the complete collection of women's jeans at Levi's®."	adult	5.2797E+13	Jeans	720	"Skinny, Super Skinny"	"<UL> <LI> Designed to flatter, hold and lift </LI><LI> A high-rise jean that delivers chic style and all-day comfort </LI><LI> Levi's® Sculpt with Hyperstretch is an advanced blend of Lycra® and cotton fibers for extreme stretch </LI> </UL>"
527970022	720 High Rise Super Skinny Women's Jeans	Jeans	69.5	3.8636	"Front rise is 10.25"", High rise, Leg opening is 9.25"", Measurements are taken from a size 27 waist, Model is 5'9.5"" and is wearing a size 27 waist, Slim through the hip and thigh, Super skinny leg"	Black Squared	Black	27x34	Women		Jeans	"5-pocket styling, 65% Cotton, 33% Polyester, 2% Elastane, Extreme stretch Lightweight Denim, Imported, Zip fly"	Apparel & Accessories > Clothing > Pants	NEW	"Levi's® first designed jeans for women in 1938, and they have been getting better ever since. Browse the complete collection of women's jeans at Levi's®."	adult	5.2797E+13	Jeans	720	"Skinny, Super Skinny"	"<UL> <LI> Designed to flatter, hold and lift </LI><LI> A high-rise jean that delivers chic style and all-day comfort </LI><LI> Levi's® Sculpt with Hyperstretch is an advanced blend of Lycra® and cotton fibers for extreme stretch </LI> </UL>"
527970022	720 High Rise Super Skinny Women's Jeans	Jeans	69.5	3.8636	"Front rise is 10.25"", High rise, Leg opening is 9.25"", Measurements are taken from a size 27 waist, Model is 5'9.5"" and is wearing a size 27 waist, Slim through the hip and thigh, Super skinny leg"	Black Squared	Black	28x28	Women		Jeans	"5-pocket styling, 65% Cotton, 33% Polyester, 2% Elastane, Extreme stretch Lightweight Denim, Imported, Zip fly"	Apparel & Accessories > Clothing > Pants	NEW	"Levi's® first designed jeans for women in 1938, and they have been getting better ever since. Browse the complete collection of women's jeans at Levi's®."	adult	5.2797E+13	Jeans	720	"Skinny, Super Skinny"	"<UL> <LI> Designed to flatter, hold and lift </LI><LI> A high-rise jean that delivers chic style and all-day comfort </LI><LI> Levi's® Sculpt with Hyperstretch is an advanced blend of Lycra® and cotton fibers for extreme stretch </LI> </UL>"
527970022	720 High Rise Super Skinny Women's Jeans	Jeans	69.5	3.8636	"Front rise is 10.25"", High rise, Leg opening is 9.25"", Measurements are taken from a size 27 waist, Model is 5'9.5"" and is wearing a size 27 waist, Slim through the hip and thigh, Super skinny leg"	Black Squared	Black	28x30	Women		Jeans	"5-pocket styling, 65% Cotton, 33% Polyester, 2% Elastane, Extreme stretch Lightweight Denim, Imported, Zip fly"	Apparel & Accessories > Clothing > Pants	NEW	"Levi's® first designed jeans for women in 1938, and they have been getting better ever since. Browse the complete collection of women's jeans at Levi's®."	adult	5.2797E+13	Jeans	720	"Skinny, Super Skinny"	"<UL> <LI> Designed to flatter, hold and lift </LI><LI> A high-rise jean that delivers chic style and all-day comfort </LI><LI> Levi's® Sculpt with Hyperstretch is an advanced blend of Lycra® and cotton fibers for extreme stretch </LI> </UL>"
527970022	720 High Rise Super Skinny Women's Jeans	Jeans	69.5	3.8636	"Front rise is 10.25"", High rise, Leg opening is 9.25"", Measurements are taken from a size 27 waist, Model is 5'9.5"" and is wearing a size 27 waist, Slim through the hip and thigh, Super skinny leg"	Black Squared	Black	28x32	Women		Jeans	"5-pocket styling, 65% Cotton, 33% Polyester, 2% Elastane, Extreme stretch Lightweight Denim, Imported, Zip fly"	Apparel & Accessories > Clothing > Pants	NEW	"Levi's® first designed jeans for women in 1938, and they have been getting better ever since. Browse the complete collection of women's jeans at Levi's®."	adult	5.2797E+13	Jeans	720	"Skinny, Super Skinny"	"<UL> <LI> Designed to flatter, hold and lift </LI><LI> A high-rise jean that delivers chic style and all-day comfort </LI><LI> Levi's® Sculpt with Hyperstretch is an advanced blend of Lycra® and cotton fibers for extreme stretch </LI> </UL>"
527970022	720 High Rise Super Skinny Women's Jeans	Jeans	69.5	3.8636	"Front rise is 10.25"", High rise, Leg opening is 9.25"", Measurements are taken from a size 27 waist, Model is 5'9.5"" and is wearing a size 27 waist, Slim through the hip and thigh, Super skinny leg"	Black Squared	Black	28x34	Women		Jeans	"5-pocket styling, 65% Cotton, 33% Polyester, 2% Elastane, Extreme stretch Lightweight Denim, Imported, Zip fly"	Apparel & Accessories > Clothing > Pants	NEW	"Levi's® first designed jeans for women in 1938, and they have been getting better ever since. Browse the complete collection of women's jeans at Levi's®."	adult	5.2797E+13	Jeans	720	"Skinny, Super Skinny"	"<UL> <LI> Designed to flatter, hold and lift </LI><LI> A high-rise jean that delivers chic style and all-day comfort </LI><LI> Levi's® Sculpt with Hyperstretch is an advanced blend of Lycra® and cotton fibers for extreme stretch </LI> </UL>"